0,1,2,3,4,5,6,7,8,9,10,11,12,13,14,15,16,17,18,19,20,21,22,23,24,25,26,27,28,29,30,31,32,33,34,35,36,37,38,39,40,41,42,43,44,45,46,47,48,49,50,51,52,53,54,55,56,57,58,59,60,61,62,63,64,65,66,67,68,69,70,71,72,73,74,75,76,77,78,79,80,81,82,83,84,85,86,87,88,89,90,91,92,93,94,95,96,97,98,99,100,101,102,103,104,105,106,107,108,109,110,111,112,113,114,115,116,117,118,119,120,121,122,123,124,125,126,127,128,129,130,131,132,133,134,135,136,137,138,139,140,141,142,143,144,145,146,147,148,149,150,151,152,153,154,155,156,157,158,159,160,161,162,163,164,165,166,167,168,169,170,171,172,173,174,175,176,177,178,179,180,181,182,183,184,185,186,187,188,189,190,191,192,193,194,195
11.19,13.07,10.64,11.19,10.87,11.76,11.98,11.9,12.85,12.22,11.9,11.71,11.67,11.96,10.55,15.93,10.91,10.55,10.66,10.51,10.92,10.76,11.83,10.48,10.76,10.98,11.59,12.49,10.89,11.98,11.19,10.89,11.02,11.42,12.41,11.04,12.12,10.95,11.04,11.3,10.89,12.0,10.71,11.4,10.61,10.71,10.67,10.75,12.42,11.16,11.57,11.66,11.16,10.74,11.22,11.33,13.01,12.85,12.79,13.01,11.63,12.17,12.71,11.18,11.41,11.2,11.18,11.29,10.88,11.56,12.65,16.06,12.39,12.65,11.88,13.35,14.2,12.57,16.51,12.23,12.57,12.1,12.36,12.73,12.72,16.68,11.93,12.72,12.03,14.17,12.68,12.39,16.28,11.63,12.39,12.41,12.54,12.81,11.13,11.56,10.92,11.13,10.99,10.97,11.53,12.48,12.85,13.51,12.48,12.02,12.31,12.56,11.02,12.52,11.36,11.02,10.95,10.7,11.73,12.0,15.93,10.65,12.0,12.15,13.36,12.17,11.89,16.7,12.78,11.89,11.71,11.7,12.06,11.23,16.79,11.16,11.23,11.64,11.59,12.0,11.35,16.74,10.86,11.35,12.13,11.37,12.05,11.44,11.36,11.68,11.44,10.77,11.22,12.29,12.35,12.85,13.32,12.35,11.85,12.65,12.62,11.59,13.53,11.7,11.59,10.66,10.88,11.56,12.2,16.65,11.82,12.2,11.64,12.0,13.83,11.8,16.84,12.5,11.8,11.49,11.53,12.48,11.86,16.78,11.55,11.86,11.58,11.87,12.21,11.84,16.77,11.58,11.84,11.76,11.75,12.17
9.58,9.71,8.98,9.58,9.22,10.35,10.49,9.52,9.95,9.74,9.52,9.61,9.55,9.95,8.82,13.61,9.33,8.82,8.83,8.79,9.37,9.35,8.49,8.98,9.35,9.65,10.21,11.26,9.37,8.66,9.71,9.37,9.61,10.19,11.3,9.57,8.9,9.56,9.57,9.93,9.54,10.8,9.37,8.03,9.07,9.37,9.32,9.51,10.88,10.15,8.2,10.35,10.15,9.66,10.45,10.51,10.61,9.95,10.05,10.61,9.33,10.34,10.83,10.25,8.0,10.07,10.25,10.37,9.98,10.75,11.52,13.01,10.78,11.52,10.2,11.91,12.91,11.35,13.51,10.81,11.35,10.32,10.73,11.27,11.48,13.65,10.24,11.48,10.23,12.7,11.12,10.73,13.28,10.13,10.73,11.16,10.89,11.36,10.06,8.24,9.94,10.06,9.93,10.25,10.81,10.12,9.95,10.68,10.12,9.81,10.2,10.62,9.83,9.23,10.06,9.83,10.03,9.79,11.03,11.18,12.9,10.02,11.18,11.42,12.5,11.59,10.32,13.72,12.62,10.32,11.06,10.7,10.97,10.24,13.81,10.27,10.24,10.86,10.31,10.88,10.3,13.77,10.17,10.3,11.71,9.64,10.85,10.5,7.95,10.59,10.5,9.66,10.5,11.64,9.81,9.95,10.52,9.81,9.58,10.71,10.58,10.61,10.37,10.41,10.61,9.63,10.12,10.8,11.66,13.69,10.76,11.66,10.01,11.27,13.35,10.83,13.82,12.28,10.83,10.52,10.44,12.12,10.93,13.81,10.63,10.93,10.36,11.28,11.7,11.2,13.82,10.74,11.2,10.96,10.78,11.07
9.14,8.95,8.65,9.14,9.17,10.31,10.57,9.31,9.24,9.35,9.31,9.62,9.69,10.27,8.5,11.7,8.68,8.5,8.59,8.91,9.25,9.19,7.31,8.49,9.19,9.84,10.32,11.1,9.18,7.59,9.15,9.18,9.57,10.38,11.13,9.36,7.66,9.2,9.36,10.07,9.51,10.9,9.26,7.65,8.74,9.26,9.28,9.86,10.44,9.77,7.34,9.74,9.77,9.53,10.55,10.47,10.49,9.24,9.56,10.49,9.5,10.8,10.94,9.87,7.26,9.54,9.87,10.26,9.87,10.48,12.09,12.09,11.7,12.09,11.9,13.49,14.6,11.92,12.49,11.79,11.92,11.77,12.05,12.46,11.93,11.97,11.11,11.93,11.68,14.14,12.31,11.79,12.31,11.03,11.79,11.79,11.87,12.34,9.68,7.23,9.51,9.68,9.58,10.29,10.59,10.2,9.24,10.05,10.2,9.97,10.3,10.5,9.45,8.36,9.62,9.45,9.94,9.71,10.97,11.71,11.49,10.94,11.71,12.05,12.83,11.75,11.31,12.82,12.74,11.31,11.56,11.36,11.61,11.45,12.89,11.02,11.45,11.55,11.22,11.51,11.1,12.88,10.95,11.1,12.97,9.37,11.66,9.91,7.12,9.91,9.91,9.56,9.99,11.54,9.56,9.24,10.0,9.56,9.68,11.02,10.48,9.94,9.49,9.79,9.94,9.55,10.1,10.64,12.14,12.7,11.45,12.14,11.03,11.64,13.6,11.62,12.94,12.25,11.62,11.46,11.46,12.65,11.6,12.91,11.4,11.6,11.42,12.21,11.89,11.86,12.83,11.12,11.86,11.6,11.43,11.68
10.54,10.26,9.68,10.54,11.33,12.68,13.18,12.65,11.54,12.01,12.65,12.96,13.69,14.12,10.03,13.81,9.62,10.03,10.26,11.16,11.53,11.32,7.06,9.49,11.32,12.33,12.7,13.4,11.28,7.95,10.41,11.28,11.82,12.91,13.39,11.45,7.69,10.82,11.45,12.46,11.83,13.15,11.26,7.73,9.85,11.26,11.42,12.48,12.64,10.94,7.59,10.52,10.94,10.78,12.78,12.52,13.73,11.54,11.16,13.73,11.99,14.57,13.81,11.25,7.75,10.05,11.25,12.25,11.56,12.08,13.21,13.13,12.15,13.21,13.69,15.45,16.84,12.74,13.47,11.95,12.74,13.19,13.79,14.22,12.83,12.4,11.53,12.83,12.82,15.87,13.99,12.49,13.34,11.11,12.49,12.86,13.0,13.85,10.93,7.58,9.9,10.93,10.67,12.48,12.73,13.24,11.54,11.86,13.24,12.52,13.14,13.75,10.81,9.29,10.44,10.81,11.91,11.25,13.12,11.68,12.77,10.55,11.68,12.1,14.02,12.06,11.61,13.96,12.3,11.61,11.49,11.63,11.97,11.08,13.92,10.48,11.08,11.52,11.55,11.94,10.73,14.0,10.47,10.73,13.39,9.51,12.3,10.9,7.41,10.44,10.9,10.85,11.66,13.74,11.81,11.54,11.87,11.81,12.33,14.97,13.5,10.89,10.4,10.58,10.89,10.87,12.16,12.79,11.85,13.74,11.06,11.85,11.6,11.95,14.36,11.41,13.99,11.83,11.41,11.44,11.76,13.32,11.4,13.98,10.9,11.4,11.56,12.61,12.15,11.49,13.88,10.95,11.49,11.65,11.62,12.06
12.63,11.31,11.54,12.63,13.4,15.02,15.21,16.17,13.06,15.38,16.17,16.39,17.21,17.63,12.22,15.64,11.61,12.22,12.52,13.32,13.54,13.28,7.52,11.3,13.28,14.33,14.75,15.21,13.14,8.5,11.99,13.14,13.55,14.85,15.09,13.24,8.22,12.43,13.24,14.23,13.65,14.67,13.08,8.17,11.21,13.08,13.29,14.4,14.27,12.83,8.17,12.29,12.83,12.84,14.95,14.18,17.61,13.06,14.69,17.61,15.77,18.54,17.49,13.15,8.51,11.68,13.15,14.32,13.66,13.52,14.63,13.82,13.0,14.63,15.12,17.03,18.28,14.02,14.18,12.37,14.02,14.54,15.25,15.42,14.18,13.53,12.25,14.18,14.14,17.45,15.25,13.52,14.03,11.59,13.52,14.23,14.35,14.96,12.79,8.35,11.33,12.79,12.52,14.5,14.37,17.08,13.06,15.42,17.08,16.36,16.98,17.47,12.69,10.1,12.19,12.69,14.02,13.2,14.77,12.56,13.53,10.62,12.56,12.56,16.02,12.92,12.81,14.73,12.18,12.81,12.22,12.65,12.72,11.67,14.66,10.58,11.67,12.32,12.59,12.76,11.24,14.75,10.62,11.24,14.6,10.39,13.35,12.6,8.18,11.93,12.6,12.82,13.61,15.4,15.57,13.06,15.42,15.57,16.15,18.96,17.17,12.75,11.44,12.21,12.75,12.89,14.14,14.49,12.45,14.46,10.98,12.45,13.01,12.96,15.55,12.03,14.75,12.06,12.03,12.23,12.62,14.37,12.1,14.72,10.72,12.1,12.39,13.71,12.78,12.0,14.61,11.46,12.0,12.51,12.49,12.83
14.25,12.82,12.6,14.25,14.97,16.91,16.54,19.2,15.58,18.21,19.2,19.35,20.29,20.11,13.71,15.2,13.1,13.71,14.15,14.72,14.77,14.8,8.76,12.66,14.8,15.67,16.35,16.67,14.8,9.66,13.31,14.8,15.24,16.38,16.52,14.83,9.6,13.74,14.83,15.75,15.29,15.91,14.76,8.64,12.32,14.76,15.08,15.8,16.02,14.3,8.81,13.57,14.3,14.3,16.53,15.3,20.81,15.58,17.42,20.81,18.62,21.67,20.4,14.73,9.1,12.94,14.73,15.98,15.23,14.8,16.86,15.9,14.17,16.86,16.79,18.97,20.09,16.17,16.32,13.56,16.17,16.3,17.22,17.14,16.46,15.6,13.58,16.46,15.84,19.53,17.01,15.22,16.16,12.77,15.22,16.49,16.46,16.77,14.3,9.06,12.45,14.3,14.09,16.09,15.72,19.97,15.58,18.36,19.97,19.29,20.27,20.72,14.21,10.99,13.31,14.21,15.62,14.72,16.01,14.49,15.22,11.48,14.49,14.61,18.77,15.03,14.35,16.91,14.14,14.35,14.27,14.57,14.42,12.78,16.82,11.68,12.78,14.2,14.44,14.43,12.77,16.95,11.63,12.77,16.48,12.74,15.05,14.2,8.89,13.22,14.2,14.26,15.63,16.76,18.66,15.58,18.24,18.66,19.15,22.31,20.35,14.53,12.5,13.43,14.53,14.32,15.73,15.8,14.39,16.67,12.3,14.39,14.74,15.25,17.96,13.65,16.89,14.12,13.65,13.76,14.08,16.52,13.78,16.89,11.86,13.78,14.08,15.74,14.88,13.6,16.81,13.03,13.6,14.47,14.34,14.58
15.12,14.39,12.8,15.12,15.66,17.82,16.89,20.35,16.82,19.0,20.35,20.43,21.23,20.46,14.6,15.14,13.81,14.6,14.95,15.16,15.13,15.83,10.3,13.46,15.83,16.48,17.27,17.32,15.98,11.32,14.02,15.98,16.35,17.28,17.24,15.96,11.27,14.54,15.96,16.68,16.29,16.71,16.07,10.11,12.86,16.07,16.39,16.65,16.78,15.19,10.24,14.24,15.19,15.2,17.44,15.79,21.87,16.82,18.05,21.87,19.46,22.55,20.98,15.69,10.53,13.7,15.69,16.91,16.01,15.26,18.28,17.86,15.23,18.28,17.93,20.39,20.97,17.56,18.41,14.55,17.56,17.5,18.47,18.16,17.85,18.19,14.52,17.85,17.02,20.96,17.93,16.5,18.15,13.74,16.5,18.01,17.78,17.85,15.2,10.38,13.13,15.2,14.93,16.92,16.23,20.88,16.82,19.16,20.88,20.29,21.07,21.43,15.16,12.45,13.96,15.16,16.63,15.47,16.54,15.82,16.89,12.22,15.82,16.05,20.23,16.1,15.64,18.89,15.2,15.64,15.65,15.82,15.45,14.06,18.9,12.62,14.06,15.57,15.63,15.45,13.97,18.94,12.51,13.97,17.94,13.92,16.05,14.93,10.28,13.82,14.93,15.09,16.45,17.31,19.73,16.82,18.87,19.73,20.17,23.29,20.98,15.44,14.07,13.95,15.44,15.21,16.54,16.36,15.71,18.69,13.29,15.71,16.12,16.55,19.12,14.92,18.96,15.16,14.92,15.08,15.28,17.64,15.07,18.94,12.83,15.07,15.31,17.06,15.93,14.83,18.87,14.03,14.83,15.86,15.58,15.61
14.0,12.02,12.77,14.0,14.03,15.9,15.17,16.65,13.05,15.62,16.65,16.56,17.47,16.81,13.78,13.57,13.23,13.78,13.63,14.04,14.03,14.76,10.15,13.13,14.76,15.47,15.8,15.55,14.99,10.55,13.23,14.99,15.29,16.12,15.46,14.97,10.76,13.89,14.97,15.73,14.97,15.4,15.22,10.41,13.01,15.22,15.41,15.91,14.96,14.56,9.86,13.71,14.56,14.49,15.88,14.94,18.16,13.05,16.07,18.16,16.92,18.79,17.87,14.81,9.96,13.63,14.81,15.22,14.99,14.8,18.24,16.19,15.53,18.24,17.28,19.96,20.17,17.67,16.78,15.27,17.67,17.2,18.06,17.7,17.9,16.68,14.68,17.9,17.03,20.97,17.57,16.81,16.51,14.3,16.81,18.19,18.13,17.72,14.47,9.78,13.43,14.47,14.14,15.43,15.05,17.71,13.05,16.67,17.71,17.33,18.18,17.48,14.29,10.65,13.64,14.29,15.02,14.86,15.16,16.66,15.12,14.2,16.66,17.35,20.14,16.98,15.99,17.26,16.61,15.99,16.66,16.55,16.2,15.66,17.3,13.88,15.66,16.51,16.33,16.12,15.04,17.33,14.25,15.04,18.58,14.58,16.54,14.33,9.81,13.58,14.33,14.36,15.32,15.56,17.29,13.05,16.55,17.29,17.23,19.46,17.69,14.87,12.27,13.46,14.87,14.47,15.29,15.06,16.92,17.06,14.35,16.92,16.25,17.3,19.7,16.0,17.34,16.27,16.0,16.05,16.29,18.24,16.06,17.33,14.18,16.06,16.06,17.75,16.9,16.29,17.26,14.86,16.29,16.72,16.42,16.34
13.36,10.71,11.76,13.36,13.04,14.96,14.16,14.51,11.38,13.27,14.51,14.44,14.71,14.26,13.21,13.37,12.34,13.21,12.76,12.86,13.0,14.55,8.95,12.54,14.55,15.36,15.23,15.12,14.77,9.51,12.69,14.77,15.04,15.79,15.24,14.77,9.68,13.56,14.77,15.44,14.62,15.23,15.28,9.44,12.48,15.28,15.38,15.75,14.43,14.06,8.79,12.71,14.06,13.77,15.06,13.88,15.98,11.38,13.63,15.98,14.68,16.16,15.15,14.41,8.8,12.61,14.41,14.52,14.01,13.81,18.44,15.76,15.33,18.44,17.45,20.05,20.09,17.83,16.38,15.04,17.83,17.34,18.08,17.55,18.08,16.25,14.45,18.08,17.15,21.07,17.41,16.85,16.1,14.03,16.85,18.46,18.11,17.57,14.04,8.66,12.37,14.04,13.38,14.66,14.1,15.6,11.38,14.11,15.6,15.17,15.13,14.59,13.87,9.6,12.65,13.87,14.42,13.92,14.22,16.83,14.69,13.98,16.83,17.57,20.21,16.82,16.06,16.9,16.5,16.06,16.82,16.49,15.97,15.69,16.93,13.7,15.69,16.67,16.24,15.88,15.01,16.97,14.02,15.01,18.72,14.16,16.32,13.81,8.61,12.55,13.81,13.54,14.56,14.61,15.07,11.38,13.99,15.07,15.04,16.66,14.74,14.38,11.26,12.43,14.38,13.78,14.45,14.19,17.09,16.67,14.12,17.09,16.3,17.27,19.58,16.05,16.98,16.17,16.05,16.15,16.15,18.1,16.2,16.96,13.99,16.2,16.09,17.74,16.73,16.35,16.9,14.71,16.35,16.89,16.36,16.11
12.54,9.91,10.97,12.54,12.43,14.32,13.57,12.23,9.37,10.74,12.23,12.1,12.56,12.35,12.26,12.35,11.37,12.26,12.11,12.26,12.19,13.66,8.01,11.66,13.66,14.87,14.59,14.57,13.96,8.49,12.03,13.96,14.47,15.16,14.55,14.1,8.53,12.57,14.1,14.87,13.97,14.73,14.31,8.54,11.87,14.31,14.79,15.26,13.64,13.55,8.13,11.84,13.55,13.34,14.6,13.33,13.88,9.37,11.03,13.88,12.54,14.17,12.89,13.85,8.18,11.58,13.85,14.25,13.56,13.24,18.52,15.09,16.03,18.52,18.84,21.09,21.36,18.0,15.62,15.78,18.0,18.63,19.16,18.52,18.17,14.73,15.23,18.17,18.41,22.15,18.46,17.82,15.39,14.71,17.82,18.64,19.04,18.45,13.51,8.1,11.39,13.51,13.11,14.23,13.61,13.58,9.37,11.39,13.58,12.88,13.03,12.28,13.31,9.07,11.78,13.31,14.23,13.49,13.72,17.06,14.26,14.03,17.06,18.0,19.36,16.86,16.85,16.29,15.57,16.85,17.07,17.11,16.67,16.2,16.23,14.16,16.2,17.1,17.11,16.54,15.7,16.34,13.97,15.7,19.76,14.22,17.1,13.52,8.01,11.72,13.52,13.27,14.09,14.02,12.72,9.37,11.45,12.72,12.77,14.59,12.44,13.67,10.76,11.76,13.67,13.44,14.05,13.67,17.27,15.91,14.72,17.27,17.23,17.44,18.58,16.73,16.32,15.23,16.73,16.64,16.8,18.24,16.68,16.29,14.48,16.68,17.11,18.34,16.81,16.49,16.18,14.71,16.49,17.25,16.98,16.82
14.43,13.57,11.73,14.43,15.28,16.98,16.29,17.04,14.76,14.7,17.04,16.89,17.6,17.12,13.91,16.17,12.21,13.91,14.36,14.48,13.99,15.98,9.3,12.36,15.98,17.35,17.15,17.28,16.32,10.54,13.55,16.32,17.18,17.67,17.42,16.52,10.29,14.04,16.52,17.52,16.51,17.37,16.63,9.48,12.75,16.63,17.26,17.6,16.7,15.01,9.64,12.84,15.01,15.04,16.91,14.82,18.65,14.76,13.41,18.65,15.99,18.83,16.41,15.56,9.91,11.93,15.56,17.17,15.24,14.45,20.71,18.65,17.24,20.71,21.6,23.55,23.96,20.02,19.21,16.58,20.02,21.07,21.49,20.72,20.26,18.06,16.52,20.26,20.51,24.21,20.48,19.57,18.96,15.57,19.57,20.9,20.59,20.39,15.09,9.77,11.37,15.09,15.08,16.54,15.44,17.83,14.76,14.28,17.83,16.63,16.71,16.67,14.98,12.15,12.53,14.98,16.97,14.77,15.82,17.73,17.85,13.28,17.73,19.05,20.99,17.19,17.97,19.93,15.83,17.97,17.88,17.73,17.26,15.78,19.85,14.01,15.78,17.96,17.75,17.21,15.91,19.97,13.33,15.91,21.15,14.85,17.92,15.08,9.61,12.42,15.08,15.11,15.97,16.55,15.97,14.76,14.24,15.97,16.58,19.45,16.23,15.02,13.91,12.85,15.02,15.2,16.07,15.61,17.53,19.51,15.19,17.53,18.95,18.14,19.42,17.1,19.95,15.41,17.1,17.36,17.07,19.09,17.13,19.92,14.63,17.13,18.12,19.15,17.21,16.38,19.8,15.08,16.38,18.24,17.54,17.42
15.6,14.62,12.83,15.6,16.59,18.18,17.54,19.68,16.09,17.37,19.68,19.72,20.21,19.8,15.03,17.88,13.38,15.03,15.62,15.5,15.18,17.03,9.81,13.23,17.03,18.47,17.99,18.39,17.37,11.11,14.45,17.37,18.28,18.5,18.47,17.58,10.78,14.98,17.58,18.56,17.26,18.35,17.68,9.62,13.62,17.68,18.35,18.49,17.72,16.15,10.4,13.93,16.15,16.37,18.02,15.96,21.63,16.09,16.12,21.63,18.92,21.64,19.19,16.7,10.67,13.0,16.7,18.56,16.3,15.39,21.43,18.9,17.97,21.43,21.7,23.53,23.98,20.64,19.59,17.12,20.64,21.1,21.2,20.77,20.91,19.2,17.09,20.91,20.57,24.06,20.38,19.99,19.24,16.15,19.99,21.36,20.4,20.48,16.21,10.67,12.43,16.21,16.27,17.57,16.59,20.76,16.09,17.02,20.76,19.6,19.56,19.57,16.13,13.02,13.62,16.13,18.39,15.85,16.95,18.81,18.3,14.16,18.81,19.4,21.85,18.28,18.96,20.23,16.44,18.96,18.91,18.49,18.09,16.74,20.22,14.94,16.74,19.01,18.36,18.09,16.84,20.26,14.21,16.84,22.21,15.54,18.8,16.19,10.4,13.52,16.19,16.41,17.02,17.64,18.72,16.09,17.02,18.72,19.49,22.25,19.07,16.18,15.01,13.93,16.18,16.53,17.1,16.73,18.6,19.82,15.72,18.6,19.97,18.85,20.43,18.13,20.32,16.42,18.13,18.33,17.7,20.05,18.16,20.24,15.15,18.16,18.95,19.88,18.15,17.37,20.14,16.05,17.37,19.28,18.24,18.24
17.92,16.69,14.82,17.92,18.82,20.18,19.7,24.16,19.4,21.84,24.16,24.28,24.26,23.91,17.35,17.25,15.53,17.35,17.82,17.31,17.35,19.44,11.47,15.34,19.44,20.61,19.94,20.54,19.69,12.86,16.42,19.69,20.52,20.43,20.72,19.78,12.57,17.22,19.78,20.81,19.13,20.38,20.18,11.38,15.36,20.18,20.54,20.19,20.08,18.0,11.8,16.02,18.0,18.11,19.41,17.69,26.06,19.4,20.61,26.06,23.27,25.61,23.67,18.63,12.02,15.2,18.63,20.26,17.64,17.08,23.15,21.15,19.24,23.15,23.01,24.72,25.37,22.2,21.91,18.37,22.2,22.39,22.36,22.12,22.58,21.8,18.33,22.58,21.84,25.26,21.72,21.33,21.54,17.36,21.33,22.97,21.53,21.81,18.08,11.9,14.52,18.08,17.8,18.88,18.21,25.05,19.4,21.59,25.05,24.18,23.53,24.19,18.01,14.45,15.68,18.01,19.93,17.01,18.64,20.1,20.22,15.19,20.1,20.7,24.05,19.62,20.29,22.59,18.78,20.29,20.27,19.59,19.35,18.06,22.57,16.09,18.06,20.18,19.44,19.35,18.08,22.63,15.36,18.08,23.51,16.57,20.07,17.78,11.72,15.5,17.78,17.99,18.25,19.45,23.18,19.4,21.44,23.18,23.99,26.31,23.63,18.14,16.49,15.81,18.14,18.16,18.33,18.45,19.92,22.21,16.92,19.92,21.19,19.93,22.85,19.42,22.64,18.74,19.42,19.44,18.73,21.34,19.45,22.59,16.34,19.45,20.15,21.01,19.43,18.57,22.52,17.32,18.57,20.53,19.33,19.5
19.29,16.75,15.61,19.29,19.84,21.35,20.7,24.2,18.45,21.93,24.2,24.54,23.6,23.65,18.69,15.75,17.07,18.69,19.09,17.86,18.5,20.73,11.06,16.75,20.73,21.89,20.86,21.74,20.78,12.51,17.59,20.78,21.58,21.18,21.72,20.87,12.02,18.53,20.87,21.81,19.9,21.18,21.14,10.64,16.19,21.14,21.62,20.64,20.84,19.55,11.71,17.28,19.55,19.49,20.63,18.95,26.38,18.45,20.79,26.38,23.49,25.36,23.92,20.32,11.83,16.56,20.32,21.64,18.71,18.2,22.87,19.85,19.37,22.87,23.03,24.56,25.54,21.82,20.64,18.42,21.82,22.23,22.06,22.07,22.22,20.67,18.49,22.22,21.7,25.02,21.69,21.14,20.24,17.36,21.14,22.43,21.12,21.63,19.69,11.87,15.83,19.69,19.0,20.05,19.56,25.23,18.45,21.84,25.23,24.63,23.16,24.44,19.69,14.42,16.99,19.69,21.43,18.14,19.97,20.36,19.91,15.0,20.36,20.04,24.07,19.96,20.78,21.34,18.48,20.78,20.37,19.68,19.78,18.44,21.26,16.22,18.44,20.3,19.77,19.71,18.47,21.36,15.31,18.47,23.85,16.43,20.58,19.19,11.58,16.74,19.19,19.25,19.42,20.74,23.38,18.45,21.59,23.38,24.34,25.95,23.77,19.77,16.68,16.96,19.77,19.55,19.46,19.84,20.19,20.89,16.69,20.19,21.42,19.82,23.15,19.78,21.33,18.91,19.78,19.47,18.81,21.57,19.67,21.29,15.98,19.67,20.47,21.03,19.61,18.73,21.25,17.44,18.73,20.64,19.37,19.93
17.69,15.18,14.1,17.69,18.46,19.66,19.67,20.18,15.66,17.31,20.18,19.95,19.71,19.98,17.25,13.82,15.1,17.25,17.51,16.8,17.34,19.63,10.07,15.19,19.63,20.91,19.85,20.69,19.73,11.22,16.21,19.73,20.5,20.29,20.69,19.89,10.88,17.29,19.89,21.0,18.86,20.46,20.13,9.88,15.22,20.13,20.41,19.9,19.81,18.1,10.52,15.53,18.1,17.85,19.21,17.99,21.84,15.66,15.9,21.84,18.77,20.92,19.6,18.81,10.68,14.8,18.81,20.15,17.19,17.17,22.24,19.25,18.45,22.24,22.75,24.2,25.57,21.22,19.98,17.95,21.22,21.99,21.9,21.94,21.62,19.91,17.67,21.62,21.39,24.8,21.68,20.59,19.65,16.69,20.59,21.93,20.97,21.45,18.23,10.62,14.19,18.23,17.58,18.66,18.38,20.78,15.66,17.14,20.78,19.78,18.6,20.24,18.22,13.26,15.45,18.22,19.81,16.6,18.98,19.62,19.1,15.31,19.62,20.5,22.82,19.7,19.42,20.79,18.85,19.42,20.13,19.34,19.51,17.99,20.66,16.02,17.99,19.95,19.52,19.36,18.06,20.84,15.35,18.06,23.11,16.11,19.97,17.78,10.37,14.93,17.78,17.74,17.85,19.71,18.86,15.66,16.79,18.86,19.62,21.62,19.62,18.1,15.55,15.33,18.1,17.95,18.0,18.7,19.89,20.3,16.8,19.89,20.2,19.55,22.64,19.35,20.73,18.75,19.35,18.98,18.54,21.14,19.13,20.73,16.23,19.13,20.03,20.7,19.59,18.37,20.68,16.71,18.37,20.21,19.21,19.66
16.42,13.29,12.76,16.42,17.0,18.45,18.57,17.19,14.3,14.54,17.19,17.16,16.51,17.22,16.04,12.87,13.86,16.04,16.24,15.35,16.24,18.66,7.84,14.07,18.66,20.0,18.78,19.84,18.8,9.11,15.16,18.8,19.52,19.29,19.82,18.98,8.67,16.38,18.98,19.97,17.79,19.52,19.23,7.68,14.24,19.23,19.54,19.04,18.82,17.12,8.38,14.28,17.12,16.94,18.38,17.08,19.09,14.3,13.1,19.09,16.0,18.14,16.95,17.9,8.5,13.53,17.9,19.31,16.24,16.13,20.77,17.25,17.68,20.77,21.5,22.95,24.56,19.69,17.98,17.04,19.69,20.57,20.46,20.78,20.06,17.72,16.83,20.06,19.99,23.43,20.46,19.3,17.63,15.77,19.3,20.24,19.51,20.23,17.3,8.48,12.91,17.3,16.58,17.84,17.56,18.0,14.3,14.36,18.0,17.02,15.51,17.49,17.32,11.2,14.22,17.32,19.0,15.72,18.15,19.03,17.06,14.65,19.03,18.93,21.93,19.27,18.85,18.81,17.47,18.85,19.28,18.72,19.06,17.34,18.7,15.46,17.34,19.33,18.89,18.89,17.42,18.85,14.63,17.42,22.55,15.4,19.58,16.82,8.24,13.69,16.82,16.8,17.03,18.84,15.98,14.3,14.01,15.98,16.87,18.64,16.79,17.16,13.71,14.1,17.16,17.08,17.14,17.9,19.25,18.24,15.75,19.25,19.59,18.86,21.95,18.78,18.79,17.9,18.78,18.27,17.8,20.71,18.54,18.75,15.15,18.54,19.37,20.07,19.07,17.68,18.68,16.04,17.68,19.49,18.53,19.2
15.33,13.53,11.76,15.33,15.88,17.7,18.02,15.72,13.98,12.88,15.72,15.42,15.18,16.09,15.0,12.83,12.85,15.0,15.07,14.5,15.46,17.89,8.34,13.54,17.89,19.27,18.3,19.58,18.3,9.55,14.69,18.3,18.96,18.97,19.6,18.49,9.22,15.83,18.49,19.31,17.5,19.62,18.67,8.45,14.03,18.67,19.22,18.94,18.61,16.07,8.82,13.23,16.07,15.72,17.68,16.45,17.37,13.98,11.28,17.37,14.27,16.71,15.35,16.84,8.96,12.44,16.84,18.14,15.51,15.5,22.08,19.14,19.68,22.08,23.62,25.15,27.02,21.21,19.86,19.12,21.21,22.83,22.76,23.21,21.46,19.0,18.85,21.46,22.2,25.75,22.93,21.59,19.51,17.8,21.59,21.62,21.79,22.7,16.24,8.75,11.85,16.24,15.48,17.13,17.0,16.48,13.98,12.45,16.48,15.13,13.74,15.8,16.27,11.67,13.18,16.27,17.97,14.95,17.6,20.37,17.85,15.97,20.37,20.72,21.62,20.69,20.59,20.73,17.81,20.59,20.41,20.54,20.99,19.0,20.69,17.28,19.0,20.66,20.69,20.82,19.1,20.79,15.88,19.1,24.37,16.76,21.52,15.84,8.67,12.59,15.84,15.66,16.31,18.21,14.25,13.98,12.1,14.25,15.05,17.14,15.09,15.88,14.1,13.11,15.88,15.94,16.43,17.37,20.53,20.11,17.93,20.53,21.35,20.34,21.74,20.51,20.81,17.74,20.51,19.65,19.55,22.28,20.19,20.72,17.32,20.19,21.12,21.94,20.54,18.89,20.58,17.35,18.89,20.73,20.35,21.13
17.24,14.97,13.9,17.24,17.7,19.84,20.08,19.51,16.6,16.68,19.51,19.16,18.93,19.83,17.1,15.73,15.14,17.1,17.03,16.41,17.52,19.98,9.14,15.84,19.98,21.37,20.27,21.6,20.27,10.58,16.74,20.27,20.87,20.94,21.6,20.4,10.26,18.09,20.4,21.14,19.38,21.44,20.68,9.4,15.99,20.68,21.27,21.04,20.58,18.05,9.75,15.54,18.05,17.84,19.88,18.4,21.13,16.6,14.94,21.13,17.92,20.43,18.94,18.93,9.93,14.74,18.93,20.23,17.71,17.43,23.74,20.46,21.45,23.74,24.78,26.57,28.26,22.85,21.21,20.47,22.85,24.08,24.03,24.66,23.11,19.87,20.48,23.11,23.45,27.15,24.28,23.14,20.84,19.27,23.14,23.1,22.99,24.23,18.26,9.69,14.15,18.26,17.4,19.29,19.16,20.23,16.6,15.91,20.23,18.7,17.38,19.26,18.31,12.77,15.39,18.31,20.15,17.1,19.62,21.8,19.17,16.72,21.8,21.34,23.86,22.02,22.58,22.11,18.58,22.58,21.41,21.74,22.29,19.9,22.08,18.24,19.9,21.75,21.85,22.21,20.01,22.18,16.75,20.01,25.98,17.87,23.2,17.77,9.69,14.9,17.77,17.67,18.56,20.3,17.92,16.6,15.72,17.92,18.65,20.85,18.59,18.02,15.24,15.28,18.02,18.05,18.6,19.53,21.49,21.47,18.79,21.49,23.33,21.5,23.48,21.55,22.19,18.85,21.55,20.75,20.55,23.92,21.35,22.1,18.03,21.35,22.28,23.25,21.63,19.75,21.96,18.91,19.75,21.92,21.37,22.44
17.34,15.66,14.37,17.34,17.79,20.22,20.32,20.25,15.48,17.35,20.25,19.72,19.74,20.88,17.28,17.5,15.62,17.28,17.17,16.75,17.76,19.98,10.08,16.17,19.98,21.36,20.55,21.7,20.19,11.49,16.99,20.19,20.75,21.05,21.59,20.29,11.36,18.33,20.29,21.02,19.47,21.43,20.66,10.06,16.16,20.66,21.06,21.17,20.44,18.12,10.72,15.96,18.12,17.84,20.18,18.51,21.95,15.48,15.48,21.95,18.48,21.19,19.41,19.01,11.11,15.14,19.01,20.26,18.02,17.54,23.75,21.12,20.89,23.75,24.19,25.87,27.56,23.14,22.04,20.09,23.14,23.84,23.94,24.52,23.42,21.36,20.8,23.42,23.23,26.45,24.2,22.94,21.57,19.66,22.94,23.36,22.91,24.12,18.32,10.81,14.53,18.32,17.54,19.57,19.28,21.25,15.48,16.46,21.25,19.13,18.01,19.77,18.4,13.92,15.8,18.4,20.17,17.34,19.77,21.95,19.93,17.25,21.95,21.45,24.61,22.35,22.57,22.83,19.56,22.57,21.72,21.8,22.31,19.83,22.89,18.68,19.83,21.84,21.9,22.22,19.96,22.91,17.37,19.96,25.96,18.16,23.16,17.84,10.8,15.3,17.84,17.66,18.79,20.47,18.52,15.48,16.31,18.52,19.07,21.52,19.03,18.07,16.46,15.69,18.07,18.04,18.86,19.66,21.67,22.3,19.21,21.67,23.26,21.8,24.14,21.43,22.97,19.86,21.43,20.64,20.29,24.25,21.33,22.88,18.44,21.33,22.2,23.39,21.91,19.84,22.78,19.65,19.84,22.1,21.41,22.46
19.2,16.66,16.2,19.2,19.69,22.19,22.08,24.23,17.73,21.71,24.23,23.96,23.93,24.61,19.0,15.68,17.41,19.0,19.01,18.59,19.46,21.64,10.47,17.6,21.64,22.98,22.32,23.27,21.76,12.12,18.5,21.76,22.35,22.71,23.17,21.82,11.89,19.99,21.82,22.68,21.03,22.8,22.4,10.46,17.44,22.4,22.52,22.76,22.02,19.58,10.95,17.85,19.58,19.35,21.74,19.85,26.08,17.73,19.87,26.08,22.53,25.53,23.62,20.48,11.34,17.02,20.48,21.83,19.55,18.84,24.13,22.12,20.68,24.13,23.11,25.28,26.43,23.26,23.12,19.64,23.26,22.68,23.02,23.52,23.67,22.69,20.37,23.67,22.11,25.7,23.04,21.9,22.62,19.24,21.9,23.61,22.08,23.15,19.78,11.04,16.31,19.78,18.96,21.11,20.58,25.11,17.73,20.98,25.11,23.36,22.41,24.15,19.85,14.32,17.64,19.85,21.56,18.77,21.12,22.34,20.95,17.79,22.34,21.25,27.13,22.88,22.22,23.95,21.3,22.22,22.31,21.86,22.05,19.52,23.99,18.77,19.52,22.21,21.79,22.01,19.57,24.04,17.97,19.57,25.8,18.73,22.9,19.19,11.06,17.13,19.19,19.11,20.26,21.93,22.57,17.73,20.77,22.57,23.26,25.95,23.35,19.64,17.04,17.5,19.64,19.5,20.34,20.99,22.1,23.45,18.79,22.1,23.08,22.4,26.48,21.2,24.05,22.15,21.2,20.82,20.17,24.82,21.33,23.99,18.14,21.33,21.85,23.6,22.39,20.17,23.92,20.38,20.17,22.57,21.46,22.2
20.51,18.65,17.22,20.51,20.89,23.87,23.23,26.09,19.81,24.21,26.09,26.27,25.88,26.37,20.03,16.13,18.89,20.03,20.3,19.69,20.52,22.51,11.98,18.79,22.51,23.85,23.64,24.57,22.69,13.62,19.85,22.69,23.46,23.89,24.39,22.77,13.27,21.08,22.77,23.61,22.33,23.89,23.27,11.7,18.36,23.27,23.57,23.64,23.17,20.64,12.49,19.08,20.64,20.32,23.0,20.84,28.26,19.81,22.6,28.26,24.82,28.09,26.06,21.54,12.9,18.21,21.54,22.86,20.74,19.81,25.31,23.95,22.1,25.31,24.11,26.56,27.49,24.42,24.99,21.03,24.42,23.67,24.23,24.5,24.84,24.19,21.76,24.84,23.08,26.99,24.01,23.01,24.48,20.61,23.01,24.62,23.26,24.13,20.82,12.67,17.29,20.82,19.92,22.35,21.63,27.15,19.81,23.8,27.15,25.89,24.83,26.66,20.91,15.98,18.73,20.91,22.57,19.94,22.16,23.37,23.15,18.54,23.37,22.24,28.45,23.89,23.21,25.89,22.78,23.21,23.29,23.06,23.03,20.44,25.89,20.0,20.44,23.18,22.99,22.99,20.51,25.95,18.9,20.51,26.83,19.87,23.9,20.22,12.58,18.34,20.22,20.08,21.44,22.99,24.65,19.81,23.47,24.65,25.67,28.42,25.72,20.71,18.75,18.72,20.71,20.47,21.55,22.01,23.12,25.33,20.18,23.12,24.05,23.62,27.58,22.19,25.97,23.49,22.19,21.71,21.3,25.93,22.32,25.91,19.53,22.32,22.81,24.89,23.4,21.12,25.82,21.66,21.12,23.55,22.64,23.17
19.87,16.33,18.12,19.87,20.06,22.69,22.23,23.74,17.31,22.04,23.74,23.97,23.84,24.08,19.64,15.28,18.96,19.64,20.09,19.71,20.35,21.8,12.75,19.06,21.8,23.32,22.86,23.52,21.99,13.33,19.38,21.99,22.74,23.41,23.39,22.12,13.47,20.46,22.12,23.09,21.59,23.13,22.59,12.62,19.0,22.59,22.97,23.42,22.23,20.58,12.32,19.38,20.58,20.97,22.11,21.12,25.7,17.31,22.52,25.7,24.17,26.07,24.89,20.98,12.2,19.15,20.98,21.78,21.07,20.64,26.01,22.78,23.53,26.01,24.29,27.22,27.86,25.24,23.75,23.13,25.24,23.96,24.48,24.49,25.68,22.27,22.55,25.68,23.83,28.37,24.22,23.9,23.32,21.78,23.9,25.71,24.51,24.51,20.57,12.4,18.82,20.57,20.39,21.78,21.4,24.57,17.31,23.17,24.57,24.75,24.11,24.4,20.38,13.75,19.2,20.38,21.61,20.75,21.55,25.41,21.89,21.68,25.41,24.76,30.02,26.55,24.35,24.82,25.41,24.35,25.97,25.43,25.09,22.6,24.72,22.3,22.6,25.71,25.24,25.0,22.74,24.89,21.68,22.74,28.13,22.53,25.47,20.43,12.21,19.15,20.43,20.74,22.08,21.9,23.55,17.31,22.87,23.55,24.58,26.41,24.37,21.07,16.52,19.07,21.07,21.01,21.42,21.57,25.82,24.17,22.15,25.82,25.16,26.33,29.78,24.46,24.8,26.14,24.46,24.09,23.92,27.88,24.56,24.78,21.75,24.56,24.81,26.86,26.13,23.77,24.68,23.64,23.77,25.97,25.27,25.2
18.87,15.91,17.28,18.87,19.03,21.85,21.24,21.17,16.24,19.69,21.17,21.37,21.35,21.44,18.65,16.09,18.17,18.65,19.05,18.78,19.29,21.03,12.42,18.44,21.03,22.53,22.2,22.71,21.26,12.91,18.83,21.26,21.98,22.8,22.6,21.41,13.06,19.96,21.41,22.35,20.94,22.36,21.89,12.45,18.45,21.89,22.21,22.82,21.43,19.79,12.07,18.6,19.79,20.12,21.48,20.27,23.1,16.24,20.1,23.1,21.43,23.56,22.11,20.22,11.88,18.36,20.22,20.99,20.33,19.75,25.47,22.95,24.34,25.47,25.05,27.84,28.61,24.95,23.96,24.02,24.95,24.75,25.22,24.9,25.25,22.05,23.46,25.25,24.57,29.09,24.77,24.82,23.51,22.58,24.82,25.03,25.09,24.86,19.81,12.08,18.02,19.81,19.54,21.12,20.56,21.94,16.24,20.78,21.94,22.02,21.5,21.67,19.63,13.44,18.43,19.63,20.8,20.03,20.72,25.19,22.06,21.6,25.19,24.53,29.43,25.81,24.87,25.06,25.18,24.87,25.4,25.59,25.22,22.94,24.96,22.84,22.94,25.36,25.56,25.07,23.2,25.13,21.52,23.2,28.51,21.99,25.65,19.64,11.81,18.39,19.64,19.89,21.38,21.09,20.87,16.24,20.47,20.87,21.84,23.91,21.6,20.29,16.16,18.31,20.29,20.16,20.74,20.74,25.53,24.39,23.01,25.53,25.44,25.92,28.96,24.87,25.04,25.72,24.87,23.8,24.14,27.36,24.73,25.02,22.46,24.73,25.23,27.08,25.46,23.41,24.92,23.53,23.41,25.54,25.47,25.35
16.61,13.82,15.24,16.61,16.73,19.6,18.9,17.59,12.92,16.41,17.59,17.8,17.85,18.12,16.44,13.74,16.19,16.44,16.68,16.39,16.76,19.0,10.64,16.82,19.0,20.56,20.06,20.53,19.3,11.26,17.19,19.3,19.95,20.76,20.34,19.48,11.35,18.21,19.48,20.28,18.91,20.31,19.71,10.99,16.97,19.71,20.29,20.81,19.14,17.76,10.36,16.78,17.76,17.93,19.34,17.9,19.53,12.92,16.73,19.53,17.7,20.01,18.36,18.18,10.08,16.52,18.18,18.86,18.15,17.39,23.66,21.71,24.51,23.66,25.01,27.7,28.52,23.2,22.71,24.21,23.2,24.5,25.08,24.49,23.47,20.79,23.71,23.47,24.36,28.99,24.42,24.31,22.25,22.74,24.31,23.48,24.81,24.35,17.77,10.2,16.22,17.77,17.44,18.97,18.24,18.35,12.92,17.44,18.35,18.31,17.84,17.96,17.62,11.7,16.64,17.62,18.82,17.85,18.42,24.47,20.4,21.32,24.47,23.33,27.66,24.91,25.1,23.82,23.11,25.1,24.63,25.51,25.22,22.93,23.75,23.18,22.93,24.76,25.7,25.01,23.39,23.89,21.15,23.39,28.4,21.23,25.47,17.68,9.99,16.56,17.68,17.76,19.2,18.75,17.22,12.92,17.12,17.22,18.12,20.36,17.87,18.07,14.47,16.54,18.07,18.04,18.61,18.45,24.89,23.06,23.04,24.89,25.47,25.29,26.98,24.97,23.86,24.17,24.97,23.26,24.19,26.27,24.61,23.79,22.33,24.61,25.41,26.73,24.58,22.76,23.66,23.21,22.76,24.85,25.49,25.36
17.73,16.37,14.87,17.73,18.02,21.49,20.4,19.06,16.36,18.05,19.06,18.96,19.37,19.23,17.34,15.63,16.89,17.34,17.37,16.95,17.31,20.6,9.64,17.54,20.6,22.0,21.85,22.44,21.02,11.43,18.87,21.02,21.68,22.46,22.3,21.24,10.98,20.16,21.24,21.87,20.76,22.05,21.39,10.07,17.54,21.39,22.0,22.22,21.09,18.56,10.29,17.53,18.56,17.87,21.16,18.18,20.7,16.36,15.97,20.7,16.8,20.99,18.0,19.49,10.55,16.59,19.49,20.65,18.57,17.06,23.84,24.01,24.42,23.84,25.17,27.91,28.63,22.95,25.05,23.16,22.95,24.21,24.89,24.15,23.23,23.36,23.27,23.23,23.51,28.48,23.77,23.68,24.57,21.72,23.68,22.68,23.5,23.57,18.8,10.23,15.69,18.8,17.42,20.42,19.06,19.37,16.36,17.35,19.37,17.95,17.27,18.76,18.9,13.85,17.23,18.9,20.51,17.81,19.65,22.83,22.69,18.74,22.83,21.11,26.78,22.48,23.93,26.22,21.36,23.93,22.22,23.31,22.85,20.68,26.12,21.22,20.68,22.47,23.46,22.75,21.15,26.28,18.9,21.15,27.14,18.92,23.66,18.17,10.12,16.75,18.17,17.73,19.37,20.48,16.85,16.36,16.91,16.85,17.72,21.34,17.72,18.4,16.78,17.24,18.4,18.11,19.58,19.5,22.71,25.4,21.34,22.71,24.28,23.09,25.1,22.81,26.25,22.34,22.81,21.0,21.76,24.74,22.48,26.16,20.48,22.48,23.29,25.2,22.21,20.46,26.03,21.94,20.46,22.68,23.05,23.02
16.8,15.38,14.16,16.8,17.03,20.53,19.46,18.86,15.25,18.05,18.86,18.63,19.05,19.13,16.45,15.5,16.25,16.45,16.39,15.93,16.33,19.69,8.5,16.84,19.69,21.05,20.87,21.47,20.1,10.35,18.2,20.1,20.7,21.46,21.31,20.33,9.99,19.52,20.33,20.91,19.72,21.06,20.47,8.72,16.83,20.47,21.02,21.22,20.06,17.55,9.27,16.82,17.55,16.72,20.04,17.05,20.55,15.25,15.82,20.55,16.18,20.54,17.4,18.48,9.67,15.86,18.48,19.56,17.4,15.9,22.57,22.79,23.37,22.57,23.71,26.47,27.11,21.4,23.97,22.05,21.4,22.55,23.29,22.6,21.81,23.26,22.36,21.81,21.86,26.97,22.18,21.87,23.37,20.86,21.87,21.36,21.88,22.01,17.79,9.34,14.95,17.79,16.26,19.29,17.93,19.2,15.25,17.23,19.2,17.36,16.83,18.27,17.9,13.06,16.52,17.9,19.41,16.61,18.53,21.63,21.55,17.77,21.63,19.53,25.93,21.59,22.71,25.0,20.83,22.71,21.04,22.0,21.71,19.42,25.04,20.45,19.42,21.15,22.23,21.59,19.92,25.07,18.08,19.92,25.85,17.76,22.25,17.15,9.3,16.02,17.15,16.59,18.18,19.37,16.53,15.25,16.82,16.53,17.1,20.89,17.17,17.36,16.28,16.53,17.36,16.97,18.42,18.38,21.48,24.25,20.32,21.48,23.0,21.93,24.32,21.5,25.15,22.06,21.5,19.61,20.45,23.57,21.28,25.02,19.48,21.28,22.02,23.86,21.22,19.18,24.9,21.24,19.18,21.37,21.8,21.87
17.94,16.48,15.42,17.94,18.22,21.67,20.81,21.78,17.3,21.23,21.78,21.49,21.81,21.72,17.6,13.72,17.41,17.6,17.62,17.07,17.65,20.52,8.93,17.69,20.52,21.77,21.89,22.44,20.97,11.01,19.15,20.97,21.46,22.18,22.17,21.15,10.57,20.44,21.15,21.81,20.28,21.66,21.3,9.14,17.45,21.3,21.57,21.78,21.25,18.53,9.63,18.13,18.53,17.76,21.02,18.28,23.4,17.3,18.89,23.4,18.85,23.17,20.08,19.5,10.01,17.16,19.5,20.65,18.32,17.09,22.32,23.79,23.5,22.32,23.65,26.43,27.21,21.32,25.04,22.12,21.32,22.52,23.18,22.65,21.73,24.31,22.42,21.73,21.82,26.93,22.22,21.83,24.42,20.9,21.83,21.28,21.73,22.04,18.78,9.71,16.17,18.78,17.2,20.19,19.09,22.03,17.3,20.33,22.03,20.05,19.38,21.0,18.87,13.57,17.8,18.87,20.33,17.47,19.75,21.6,22.58,17.77,21.6,19.45,26.77,21.65,22.73,26.13,21.88,22.73,21.03,21.93,21.81,19.37,26.14,20.55,19.37,21.14,22.17,21.69,19.91,26.2,18.07,19.91,25.7,17.84,22.34,18.05,9.68,17.27,18.05,17.55,18.96,20.64,19.3,17.3,19.92,19.3,19.78,23.53,19.87,18.43,16.99,17.78,18.43,17.94,19.29,19.57,21.49,25.41,20.39,21.49,23.04,21.83,25.33,21.53,26.23,23.13,21.53,19.54,20.33,23.38,21.31,26.13,19.53,21.31,22.04,23.65,21.3,19.11,26.04,21.33,19.11,21.36,21.73,21.96
19.23,17.42,16.82,19.23,19.38,22.88,21.98,25.09,18.52,25.1,25.09,25.13,24.79,24.89,18.83,13.11,18.82,18.83,18.68,18.07,18.72,21.44,9.38,18.77,21.44,22.63,22.63,23.29,21.8,11.72,20.21,21.8,22.24,22.83,22.94,21.96,11.03,21.5,21.96,22.57,20.85,22.4,22.08,9.64,18.43,22.08,22.3,22.38,21.95,19.46,10.51,19.24,19.46,18.48,21.76,18.95,26.99,18.52,22.89,26.99,22.32,26.54,23.68,20.43,10.66,18.26,20.43,21.44,19.01,17.72,23.02,23.56,24.79,23.02,25.03,27.8,28.85,22.1,24.82,23.63,22.1,23.96,24.61,24.37,22.62,23.62,23.86,22.62,23.32,28.46,23.95,23.06,24.17,22.43,23.06,22.45,23.17,23.8,19.7,10.58,17.27,19.7,17.9,20.88,19.77,25.5,18.52,24.27,25.5,23.66,22.78,24.66,19.8,14.46,18.91,19.8,21.14,18.17,20.42,22.58,23.24,19.09,22.58,20.59,28.03,23.11,24.36,25.94,23.14,24.36,22.38,23.33,23.68,20.8,25.94,22.17,20.8,22.42,23.77,23.48,21.44,26.01,19.39,21.44,26.72,19.02,24.02,18.95,10.35,18.39,18.95,18.27,19.61,21.33,22.89,18.52,23.91,22.89,23.39,26.99,23.5,19.37,17.98,18.89,19.37,18.65,19.99,20.22,22.55,25.19,22.0,22.55,24.76,23.06,26.82,23.14,26.03,24.59,23.14,20.76,21.88,24.0,22.81,25.94,21.0,22.81,23.77,24.28,22.62,20.14,25.84,22.72,20.14,22.65,23.24,23.84
