date,AC,AL,AM,AP,BA,CE,DF,ES,GO,MA,MG,MS,MT,PA,PB,PE,PI,PR,RJ,RN,RO,RR,RS,SC,SE,SP,TO
2020-02-25,,,,,,,,,,,,,,,,,,,,,,,,,,0.0,
2020-02-26,,,,,,,,,,,,,,,,,,,,,,,,,,0.0,
2020-02-27,,,,,,,,,,,,,,,,,,,,,,,,,,0.0,
2020-02-28,,,,,,,,,,,,,,,,,,,,,,,,,,0.0,
2020-02-29,,,,,,,,,,,,,,,,,,,,,,,,,,0.0,
2020-03-01,,,,,,,,,,,,,,,,,,,,,,,,,,0.0,
2020-03-02,,,,,,,,,,,,,,,,,,,,,,,,,,0.0,
2020-03-03,,,,,,,,,,,,,,,,,,,,,,,,,,0.0,
2020-03-04,,,,,,,,,,,,,,,,,,,,,,,,,,0.0,
2020-03-05,,,,,,,,0.0,,,,,,,,,,,0.0,,,,,,,0.0,
2020-03-06,,,,,0.0,,,0.0,,,,,,,,,,,0.0,,,,,,,0.0,
2020-03-07,,,,,0.0,,0.0,0.0,,,,,,,,,,,0.0,,,,,,,0.0,
2020-03-08,,0.0,,,0.0,,0.0,0.0,,,0.0,,,,,,,,0.0,,,,,,,0.0,
2020-03-09,,0.0,,,0.0,,0.0,0.0,,,0.0,,,,,,,,0.0,,,,,,,0.0,
2020-03-10,,0.0,,,0.0,,0.0,0.0,,,0.0,,,,,,,,0.0,,,,0.0,,,0.0,
2020-03-11,,0.0,,,0.0,,0.0,0.0,,,0.0,,,,,,,,0.0,,,,0.0,,,0.0,
2020-03-12,,0.0,,,0.0,,0.0,0.0,0.0,,0.0,,,,0.0,0.0,,0.0,0.0,0.0,,,0.0,0.0,,0.0,
2020-03-13,,0.0,0.0,,0.0,,0.0,0.0,0.0,,0.0,,,,0.0,0.0,,0.0,0.0,0.0,,,0.0,0.0,,0.0,
2020-03-14,,0.0,0.0,,0.0,,0.0,0.0,0.0,,0.0,0.0,,,0.0,0.0,,0.0,0.0,0.0,,,0.0,0.0,0.0,0.0,
2020-03-15,,0.0,0.0,,0.0,,0.0,0.0,0.0,,0.0,0.0,,,0.0,0.0,,0.0,0.0,0.0,,,0.0,0.0,0.0,0.0,
2020-03-16,,0.0,0.0,,0.0,0.0,0.0,0.0,0.0,,0.0,0.0,,,0.0,0.0,,0.0,0.0,0.0,,,0.0,0.0,0.0,0.0,
2020-03-17,0.0,0.0,0.0,,0.0,0.0,0.0,0.0,0.0,,0.0,0.0,,,0.0,0.0,,0.0,0.0,0.0,,,0.0,0.0,0.0,1.0,
2020-03-18,0.0,0.0,0.0,,0.0,0.0,0.0,0.0,0.0,,0.0,0.0,,0.0,0.0,0.0,,0.0,0.0,0.0,,,0.0,0.0,0.0,2.0,0.0
2020-03-19,0.0,0.0,0.0,,0.0,0.0,0.0,0.0,0.0,,0.0,0.0,,0.0,0.0,0.0,0.0,0.0,2.0,0.0,,,0.0,0.0,0.0,2.0,0.0
2020-03-20,0.0,0.0,0.0,0.0,0.0,0.0,0.0,0.0,0.0,0.0,0.0,0.0,0.0,0.0,0.0,0.0,0.0,0.0,0.0,0.0,0.0,,0.0,0.0,0.0,4.0,0.0
2020-03-21,0.0,0.0,0.0,0.0,0.0,0.0,0.0,0.0,0.0,0.0,0.0,0.0,0.0,0.0,0.0,0.0,0.0,0.0,1.0,0.0,0.0,0.0,0.0,0.0,0.0,6.0,0.0
2020-03-22,0.0,0.0,0.0,0.0,0.0,0.0,0.0,0.0,0.0,0.0,0.0,0.0,0.0,0.0,0.0,0.0,0.0,0.0,0.0,0.0,0.0,0.0,0.0,0.0,0.0,7.0,0.0
2020-03-23,0.0,0.0,0.0,0.0,0.0,0.0,0.0,0.0,0.0,0.0,0.0,0.0,0.0,0.0,0.0,0.0,0.0,0.0,1.0,0.0,0.0,0.0,0.0,0.0,0.0,8.0,0.0
2020-03-24,0.0,0.0,1.0,0.0,0.0,0.0,0.0,0.0,0.0,0.0,0.0,0.0,0.0,0.0,0.0,0.0,0.0,0.0,2.0,0.0,0.0,0.0,0.0,0.0,0.0,10.0,0.0
2020-03-25,0.0,0.0,0.0,0.0,0.0,0.0,0.0,0.0,0.0,0.0,0.0,0.0,0.0,0.0,0.0,1.0,0.0,0.0,2.0,0.0,0.0,0.0,1.0,0.0,0.0,8.0,0.0
2020-03-26,0.0,0.0,0.0,0.0,0.0,3.0,0.0,0.0,1.0,0.0,0.0,0.0,0.0,0.0,0.0,2.0,0.0,0.0,1.0,0.0,0.0,0.0,0.0,1.0,0.0,10.0,0.0
2020-03-27,0.0,0.0,0.0,0.0,0.0,0.0,0.0,0.0,0.0,0.0,0.0,0.0,0.0,0.0,0.0,1.0,1.0,2.0,1.0,0.0,0.0,0.0,1.0,0.0,0.0,10.0,0.0
2020-03-28,0.0,0.0,0.0,0.0,0.0,1.0,0.0,0.0,0.0,0.0,0.0,0.0,0.0,0.0,0.0,1.0,0.0,0.0,3.0,1.0,0.0,0.0,0.0,0.0,0.0,16.0,0.0
2020-03-29,0.0,0.0,0.0,0.0,1.0,1.0,1.0,0.0,0.0,1.0,0.0,0.0,0.0,0.0,0.0,0.0,2.0,0.0,4.0,0.0,0.0,0.0,0.0,0.0,0.0,14.0,0.0
2020-03-30,0.0,0.0,1.0,0.0,1.0,0.0,1.0,0.0,0.0,0.0,1.0,0.0,0.0,0.0,0.0,1.0,1.0,1.0,1.0,0.0,1.0,0.0,2.0,1.0,0.0,15.0,0.0
2020-03-31,0.0,1.0,1.0,0.0,0.0,2.0,1.0,0.0,0.0,0.0,1.0,1.0,0.0,0.0,1.0,0.0,0.0,0.0,5.0,0.0,0.0,0.0,0.0,0.0,0.0,23.0,0.0
2020-04-01,0.0,0.0,0.0,0.0,0.0,2.0,1.0,0.0,0.0,0.0,1.0,0.0,0.0,1.0,0.0,2.0,0.0,0.0,5.0,1.0,0.0,0.0,1.0,0.0,0.0,28.0,0.0
2020-04-02,0.0,0.0,0.0,0.0,1.0,12.0,1.0,2.0,0.0,0.0,1.0,0.0,0.0,0.0,0.0,1.0,0.0,1.0,13.0,0.0,0.0,0.0,0.0,3.0,2.0,24.0,0.0
2020-04-03,0.0,1.0,4.0,0.0,3.0,1.0,1.0,3.0,1.0,0.0,2.0,0.0,1.0,0.0,0.0,1.0,0.0,1.0,6.0,2.0,0.0,1.0,1.0,0.0,0.0,31.0,0.0
2020-04-04,0.0,0.0,5.0,1.0,1.0,1.0,1.0,1.0,0.0,1.0,0.0,0.0,0.0,0.0,2.0,4.0,0.0,2.0,11.0,2.0,0.0,0.0,1.0,5.0,1.0,41.0,0.0
2020-04-05,0.0,0.0,3.0,0.0,2.0,12.0,0.0,0.0,1.0,0.0,0.0,0.0,0.0,0.0,1.0,7.0,0.0,3.0,6.0,1.0,0.0,0.0,0.0,0.0,0.0,15.0,0.0
2020-04-06,1.0,0.0,4.0,1.0,1.0,0.0,3.0,0.0,2.0,2.0,3.0,0.0,0.0,4.0,0.0,9.0,0.0,4.0,7.0,0.0,0.0,0.0,1.0,1.0,1.0,29.0,0.0
2020-04-07,1.0,0.0,4.0,0.0,4.0,5.0,2.0,0.0,0.0,7.0,2.0,1.0,0.0,0.0,0.0,4.0,1.0,1.0,18.0,1.0,0.0,0.0,0.0,4.0,0.0,67.0,0.0
2020-04-08,0.0,1.0,7.0,0.0,4.0,17.0,0.0,0.0,2.0,1.0,3.0,0.0,0.0,1.0,3.0,12.0,1.0,2.0,17.0,3.0,0.0,0.0,2.0,2.0,0.0,57.0,0.0
2020-04-09,0.0,0.0,10.0,0.0,1.0,0.0,1.0,1.0,0.0,4.0,1.0,0.0,1.0,1.0,4.0,10.0,1.0,7.0,16.0,0.0,1.0,1.0,4.0,1.0,0.0,68.0,0.0
2020-04-10,0.0,0.0,10.0,0.0,0.0,10.0,1.0,1.0,1.0,5.0,2.0,0.0,0.0,2.0,0.0,9.0,0.0,2.0,25.0,0.0,0.0,1.0,1.0,0.0,0.0,44.0,0.0
2020-04-11,0.0,0.0,3.0,3.0,2.0,7.0,0.0,1.0,2.0,3.0,0.0,0.0,1.0,2.0,2.0,7.0,0.0,1.0,8.0,2.0,0.0,0.0,1.0,3.0,0.0,20.0,0.0
2020-04-12,0.0,0.0,9.0,0.0,0.0,2.0,0.0,5.0,4.0,3.0,3.0,0.0,0.0,3.0,0.0,13.0,0.0,4.0,15.0,4.0,0.0,0.0,0.0,3.0,0.0,28.0,0.0
2020-04-13,1.0,1.0,9.0,1.0,1.0,25.0,1.0,3.0,1.0,5.0,3.0,2.0,1.0,0.0,3.0,17.0,1.0,2.0,12.0,1.0,0.0,0.0,1.0,2.0,0.0,20.0,0.0
2020-04-14,0.0,0.0,19.0,1.0,4.0,10.0,2.0,1.0,0.0,2.0,4.0,0.0,0.0,7.0,5.0,13.0,0.0,6.0,42.0,1.0,0.0,0.0,1.0,2.0,0.0,87.0,0.0
2020-04-15,1.0,1.0,16.0,0.0,2.0,13.0,0.0,3.0,0.0,3.0,3.0,0.0,0.0,0.0,3.0,28.0,0.0,2.0,41.0,1.0,0.0,0.0,1.0,1.0,0.0,83.0,1.0
2020-04-16,1.0,0.0,18.0,3.0,6.0,11.0,3.0,7.0,1.0,3.0,3.0,1.0,1.0,5.0,2.0,17.0,0.0,2.0,36.0,3.0,1.0,0.0,2.0,1.0,0.0,75.0,0.0
2020-04-17,0.0,2.0,21.0,0.0,2.0,20.0,4.0,0.0,0.0,4.0,2.0,0.0,0.0,6.0,2.0,26.0,1.0,1.0,40.0,1.0,0.0,0.0,3.0,1.0,0.0,75.0,0.0
2020-04-18,1.0,3.0,16.0,0.0,4.0,25.0,0.0,2.0,2.0,4.0,4.0,0.0,0.0,1.0,1.0,19.0,1.0,5.0,46.0,2.0,1.0,0.0,0.0,1.0,1.0,63.0,0.0
2020-04-19,0.0,5.0,21.0,1.0,5.0,9.0,0.0,4.0,0.0,6.0,0.0,0.0,0.0,1.0,3.0,11.0,2.0,3.0,15.0,1.0,0.0,0.0,2.0,3.0,0.0,24.0,0.0
2020-04-20,2.0,3.0,3.0,2.0,2.0,17.0,0.0,0.0,1.0,6.0,2.0,0.0,1.0,1.0,1.0,18.0,2.0,1.0,20.0,1.0,0.0,0.0,1.0,0.0,0.0,22.0,1.0
2020-04-21,0.0,1.0,8.0,0.0,1.0,15.0,0.0,0.0,0.0,6.0,3.0,1.0,0.0,3.0,6.0,26.0,1.0,2.0,39.0,1.0,1.0,0.0,0.0,2.0,2.0,56.0,0.0
2020-04-22,0.0,1.0,13.0,1.0,5.0,18.0,1.0,3.0,2.0,10.0,3.0,0.0,0.0,5.0,1.0,22.0,0.0,5.0,29.0,5.0,0.0,0.0,1.0,2.0,0.0,41.0,0.0
2020-04-23,2.0,2.0,28.0,2.0,9.0,32.0,1.0,6.0,2.0,12.0,4.0,1.0,1.0,10.0,4.0,30.0,1.0,2.0,40.0,4.0,0.0,0.0,1.0,3.0,1.0,211.0,0.0
2020-04-24,1.0,5.0,21.0,2.0,5.0,22.0,0.0,4.0,1.0,12.0,3.0,0.0,1.0,33.0,2.0,40.0,1.0,5.0,40.0,2.0,1.0,0.0,5.0,0.0,0.0,167.0,0.0
2020-04-25,0.0,2.0,32.0,2.0,5.0,33.0,1.0,5.0,1.0,12.0,4.0,0.0,1.0,9.0,3.0,29.0,1.0,4.0,45.0,4.0,1.0,1.0,1.0,0.0,1.0,155.0,0.0
2020-04-26,0.0,3.0,17.0,3.0,2.0,50.0,0.0,5.0,0.0,13.0,3.0,0.0,0.0,19.0,1.0,34.0,2.0,4.0,30.0,1.0,3.0,0.0,3.0,1.0,0.0,33.0,0.0
2020-04-27,3.0,2.0,16.0,3.0,9.0,21.0,1.0,6.0,1.0,20.0,1.0,2.0,1.0,8.0,3.0,35.0,1.0,2.0,32.0,3.0,0.0,0.0,7.0,1.0,2.0,125.0,0.0
2020-04-28,2.0,2.0,31.0,2.0,10.0,20.0,0.0,14.0,1.0,21.0,9.0,0.0,1.0,10.0,4.0,58.0,3.0,2.0,61.0,6.0,1.0,0.0,4.0,0.0,0.0,224.0,0.0
2020-04-29,2.0,5.0,29.0,3.0,7.0,33.0,0.0,7.0,0.0,18.0,9.0,0.0,0.0,24.0,5.0,30.0,0.0,5.0,56.0,2.0,4.0,0.0,2.0,2.0,0.0,198.0,1.0
2020-04-30,1.0,6.0,45.0,3.0,6.0,42.0,2.0,9.0,2.0,20.0,2.0,0.0,0.0,68.0,5.0,27.0,0.0,4.0,60.0,0.0,1.0,3.0,7.0,2.0,3.0,128.0,0.0
2020-05-01,0.0,6.0,51.0,3.0,11.0,47.0,1.0,8.0,0.0,20.0,6.0,0.0,0.0,39.0,7.0,38.0,2.0,4.0,67.0,3.0,2.0,0.0,4.0,2.0,0.0,136.0,1.0
2020-05-02,3.0,5.0,25.0,3.0,6.0,99.0,1.0,3.0,1.0,13.0,0.0,0.0,1.0,43.0,2.0,25.0,2.0,1.0,50.0,2.0,5.0,2.0,3.0,2.0,0.0,75.0,0.0
2020-05-03,3.0,6.0,47.0,3.0,5.0,39.0,1.0,11.0,0.0,12.0,1.0,1.0,0.0,11.0,3.0,24.0,0.0,3.0,48.0,1.0,1.0,-2.0,2.0,0.0,0.0,41.0,2.0
2020-05-04,3.0,8.0,37.0,6.0,13.0,35.0,0.0,8.0,0.0,22.0,1.0,0.0,1.0,27.0,6.0,39.0,1.0,1.0,46.0,6.0,1.0,4.0,9.0,3.0,3.0,27.0,1.0
2020-05-05,1.0,8.0,64.0,6.0,5.0,83.0,1.0,10.0,8.0,20.0,4.0,0.0,0.0,31.0,7.0,58.0,1.0,5.0,58.0,4.0,4.0,0.0,7.0,3.0,4.0,197.0,2.0
2020-05-06,6.0,9.0,102.0,1.0,14.0,54.0,1.0,13.0,7.0,14.0,3.0,0.0,0.0,35.0,9.0,54.0,5.0,2.0,82.0,4.0,4.0,2.0,7.0,1.0,2.0,194.0,0.0
2020-05-07,1.0,9.0,55.0,5.0,5.0,54.0,0.0,11.0,-1.0,25.0,9.0,0.0,1.0,78.0,10.0,42.0,2.0,3.0,189.0,5.0,4.0,1.0,1.0,4.0,2.0,161.0,0.0
2020-05-08,2.0,10.0,68.0,5.0,18.0,94.0,2.0,8.0,5.0,25.0,5.0,1.0,1.0,86.0,3.0,82.0,1.0,2.0,109.0,6.0,2.0,2.0,4.0,0.0,3.0,210.0,0.0
2020-05-09,2.0,6.0,88.0,3.0,13.0,65.0,2.0,7.0,-2.0,24.0,7.0,0.0,1.0,36.0,10.0,45.0,4.0,1.0,150.0,0.0,2.0,2.0,2.0,1.0,5.0,192.0,2.0
2020-05-10,1.0,12.0,42.0,3.0,6.0,52.0,3.0,9.0,0.0,20.0,1.0,0.0,2.0,62.0,11.0,75.0,3.0,2.0,61.0,0.0,2.0,3.0,3.0,1.0,1.0,101.0,1.0
2020-05-11,3.0,12.0,31.0,1.0,12.0,75.0,2.0,15.0,2.0,24.0,2.0,0.0,1.0,140.0,4.0,40.0,4.0,2.0,56.0,6.0,4.0,3.0,5.0,4.0,3.0,34.0,2.0
2020-05-12,7.0,12.0,63.0,13.0,11.0,91.0,2.0,16.0,3.0,21.0,6.0,1.0,1.0,102.0,15.0,70.0,8.0,2.0,158.0,12.0,3.0,4.0,6.0,4.0,0.0,206.0,7.0
2020-05-13,1.0,14.0,62.0,8.0,11.0,109.0,2.0,21.0,9.0,26.0,8.0,1.0,1.0,108.0,3.0,67.0,3.0,4.0,122.0,12.0,0.0,1.0,9.0,0.0,5.0,169.0,2.0
2020-05-14,3.0,13.0,75.0,7.0,26.0,24.0,3.0,16.0,6.0,26.0,4.0,1.0,3.0,73.0,3.0,74.0,0.0,2.0,197.0,5.0,6.0,8.0,6.0,5.0,5.0,197.0,1.0
2020-05-15,2.0,10.0,96.0,2.0,19.0,153.0,4.0,11.0,0.0,28.0,7.0,0.0,2.0,80.0,10.0,83.0,5.0,2.0,191.0,0.0,6.0,3.0,6.0,1.0,3.0,186.0,3.0
2020-05-16,2.0,12.0,44.0,5.0,5.0,48.0,1.0,11.0,2.0,25.0,4.0,1.0,1.0,48.0,13.0,80.0,7.0,2.0,176.0,14.0,7.0,9.0,6.0,2.0,3.0,187.0,4.0
2020-05-17,3.0,11.0,38.0,11.0,9.0,27.0,2.0,14.0,1.0,27.0,6.0,0.0,0.0,57.0,11.0,55.0,8.0,1.0,101.0,3.0,5.0,2.0,6.0,2.0,4.0,94.0,1.0
2020-05-18,5.0,11.0,20.0,8.0,17.0,107.0,8.0,17.0,3.0,28.0,5.0,1.0,3.0,112.0,13.0,124.0,5.0,3.0,137.0,21.0,9.0,9.0,7.0,2.0,2.0,41.0,6.0
2020-05-19,6.0,13.0,58.0,9.0,14.0,108.0,6.0,23.0,0.0,30.0,6.0,0.0,2.0,162.0,12.0,101.0,2.0,3.0,227.0,10.0,5.0,4.0,9.0,6.0,4.0,324.0,4.0
2020-05-20,2.0,17.0,70.0,6.0,36.0,44.0,6.0,21.0,5.0,29.0,10.0,1.0,0.0,224.0,11.0,93.0,4.0,7.0,158.0,8.0,2.0,0.0,1.0,3.0,6.0,216.0,5.0
2020-05-21,3.0,11.0,59.0,9.0,14.0,261.0,6.0,17.0,7.0,30.0,14.0,0.0,2.0,115.0,15.0,91.0,2.0,4.0,175.0,3.0,0.0,0.0,5.0,4.0,7.0,195.0,2.0
2020-05-22,2.0,18.0,49.0,6.0,23.0,90.0,6.0,34.0,10.0,29.0,10.0,0.0,3.0,110.0,3.0,132.0,6.0,5.0,245.0,3.0,16.0,8.0,6.0,2.0,6.0,215.0,2.0
2020-05-23,7.0,21.0,75.0,5.0,14.0,57.0,5.0,20.0,0.0,32.0,16.0,0.0,0.0,147.0,10.0,87.0,8.0,4.0,248.0,0.0,9.0,0.0,4.0,3.0,4.0,272.0,0.0
2020-05-24,5.0,15.0,14.0,1.0,47.0,16.0,9.0,30.0,0.0,30.0,9.0,0.0,3.0,140.0,14.0,56.0,3.0,3.0,88.0,28.0,6.0,12.0,4.0,2.0,7.0,118.0,7.0
2020-05-25,5.0,21.0,23.0,5.0,17.0,169.0,10.0,18.0,1.0,33.0,4.0,0.0,2.0,141.0,7.0,48.0,9.0,4.0,112.0,8.0,0.0,2.0,17.0,4.0,10.0,57.0,0.0
2020-05-26,8.0,15.0,71.0,5.0,18.0,110.0,10.0,22.0,8.0,36.0,4.0,1.0,1.0,91.0,7.0,80.0,15.0,4.0,256.0,22.0,12.0,16.0,6.0,12.0,13.0,203.0,6.0
2020-05-27,8.0,16.0,39.0,10.0,36.0,68.0,9.0,24.0,4.0,34.0,6.0,0.0,4.0,83.0,12.0,140.0,4.0,3.0,244.0,0.0,4.0,0.0,6.0,5.0,11.0,289.0,4.0
2020-05-28,9.0,17.0,73.0,15.0,39.0,62.0,9.0,27.0,7.0,24.0,15.0,0.0,7.0,180.0,20.0,98.0,8.0,7.0,251.0,26.0,5.0,6.0,4.0,5.0,8.0,268.0,0.0
2020-05-29,13.0,21.0,47.0,9.0,39.0,126.0,12.0,22.0,4.0,21.0,2.0,1.0,3.0,115.0,9.0,103.0,11.0,4.0,223.0,37.0,3.0,2.0,3.0,3.0,7.0,295.0,2.0
2020-05-30,7.0,18.0,36.0,8.0,29.0,97.0,8.0,23.0,5.0,23.0,6.0,1.0,1.0,20.0,19.0,71.0,4.0,8.0,198.0,0.0,6.0,6.0,2.0,2.0,7.0,257.0,1.0
2020-05-31,6.0,19.0,5.0,7.0,29.0,54.0,8.0,21.0,0.0,21.0,8.0,0.0,5.0,3.0,14.0,67.0,7.0,1.0,67.0,18.0,5.0,0.0,6.0,7.0,9.0,83.0,2.0
2020-06-01,13.0,18.0,19.0,6.0,34.0,178.0,3.0,24.0,3.0,21.0,7.0,0.0,4.0,96.0,10.0,68.0,12.0,8.0,118.0,18.0,0.0,4.0,8.0,3.0,8.0,52.0,3.0
2020-06-02,4.0,21.0,31.0,9.0,35.0,316.0,4.0,36.0,28.0,31.0,11.0,0.0,8.0,125.0,9.0,58.0,12.0,9.0,224.0,26.0,16.0,4.0,13.0,2.0,6.0,327.0,3.0
2020-06-03,6.0,24.0,36.0,10.0,26.0,101.0,14.0,34.0,4.0,34.0,17.0,0.0,4.0,101.0,35.0,79.0,10.0,6.0,324.0,11.0,8.0,0.0,13.0,4.0,8.0,282.0,3.0
2020-06-04,10.0,25.0,20.0,7.0,28.0,208.0,5.0,39.0,5.0,33.0,17.0,1.0,5.0,247.0,24.0,122.0,15.0,10.0,317.0,9.0,14.0,15.0,7.0,4.0,6.0,285.0,7.0
2020-06-05,9.0,26.0,41.0,6.0,29.0,94.0,6.0,43.0,3.0,37.0,21.0,0.0,7.0,173.0,13.0,71.0,7.0,13.0,146.0,23.0,19.0,0.0,11.0,3.0,12.0,281.0,7.0
2020-06-06,11.0,25.0,33.0,9.0,27.0,58.0,6.0,26.0,5.0,38.0,24.0,0.0,10.0,0.0,16.0,65.0,15.0,6.0,166.0,0.0,15.0,3.0,7.0,7.0,10.0,216.0,3.0
2020-06-07,6.0,19.0,18.0,3.0,33.0,17.0,6.0,26.0,1.0,38.0,8.0,1.0,12.0,13.0,17.0,35.0,15.0,5.0,68.0,21.0,7.0,3.0,3.0,5.0,9.0,87.0,0.0
2020-06-08,4.0,21.0,21.0,6.0,31.0,210.0,12.0,39.0,0.0,39.0,4.0,0.0,13.0,157.0,23.0,45.0,11.0,6.0,74.0,28.0,10.0,23.0,5.0,6.0,17.0,43.0,15.0
2020-06-09,12.0,18.0,44.0,7.0,27.0,167.0,10.0,33.0,11.0,38.0,19.0,2.0,14.0,63.0,27.0,103.0,18.0,10.0,147.0,28.0,10.0,14.0,11.0,2.0,18.0,334.0,6.0
2020-06-10,14.0,20.0,48.0,4.0,38.0,160.0,20.0,33.0,5.0,37.0,10.0,1.0,13.0,82.0,25.0,78.0,16.0,22.0,210.0,9.0,12.0,6.0,14.0,5.0,12.0,340.0,4.0
2020-06-11,8.0,21.0,37.0,14.0,38.0,189.0,18.0,29.0,5.0,38.0,22.0,3.0,10.0,110.0,11.0,102.0,18.0,6.0,225.0,19.0,26.0,4.0,7.0,2.0,19.0,283.0,4.0
2020-06-12,9.0,20.0,29.0,9.0,26.0,104.0,8.0,33.0,12.0,39.0,15.0,0.0,18.0,42.0,40.0,61.0,18.0,14.0,54.0,18.0,3.0,5.0,14.0,5.0,22.0,223.0,2.0
2020-06-13,2.0,22.0,36.0,7.0,30.0,17.0,11.0,29.0,5.0,37.0,8.0,3.0,18.0,59.0,13.0,90.0,25.0,18.0,175.0,1.0,13.0,3.0,7.0,2.0,11.0,213.0,2.0
2020-06-14,3.0,21.0,27.0,5.0,36.0,56.0,11.0,27.0,5.0,31.0,21.0,2.0,14.0,10.0,10.0,71.0,14.0,14.0,80.0,19.0,15.0,3.0,6.0,2.0,14.0,113.0,4.0
2020-06-15,6.0,24.0,20.0,5.0,40.0,156.0,15.0,32.0,22.0,32.0,6.0,3.0,10.0,90.0,23.0,31.0,19.0,8.0,56.0,32.0,8.0,13.0,10.0,4.0,22.0,73.0,4.0
2020-06-16,6.0,25.0,38.0,8.0,36.0,151.0,29.0,45.0,11.0,38.0,21.0,0.0,27.0,59.0,15.0,73.0,5.0,30.0,239.0,41.0,14.0,8.0,14.0,13.0,12.0,365.0,9.0
2020-06-17,10.0,18.0,29.0,1.0,41.0,115.0,17.0,47.0,6.0,33.0,35.0,3.0,22.0,45.0,25.0,50.0,23.0,22.0,171.0,29.0,15.0,0.0,13.0,4.0,19.0,389.0,3.0
2020-06-18,6.0,20.0,26.0,4.0,41.0,86.0,14.0,44.0,20.0,37.0,33.0,1.0,23.0,74.0,13.0,48.0,14.0,21.0,274.0,38.0,13.0,15.0,19.0,6.0,17.0,325.0,7.0
2020-06-19,5.0,17.0,19.0,6.0,42.0,104.0,17.0,44.0,14.0,38.0,30.0,3.0,27.0,50.0,15.0,45.0,24.0,13.0,183.0,4.0,17.0,6.0,17.0,12.0,26.0,386.0,8.0
2020-06-20,5.0,18.0,26.0,5.0,45.0,23.0,9.0,30.0,6.0,39.0,36.0,2.0,19.0,64.0,19.0,46.0,26.0,9.0,229.0,0.0,18.0,6.0,7.0,3.0,22.0,262.0,8.0
2020-06-21,3.0,18.0,7.0,6.0,41.0,3.0,18.0,31.0,11.0,37.0,25.0,2.0,29.0,22.0,23.0,86.0,17.0,14.0,51.0,33.0,8.0,0.0,4.0,9.0,14.0,94.0,3.0
2020-06-22,5.0,19.0,14.0,13.0,50.0,95.0,26.0,59.0,18.0,39.0,27.0,8.0,24.0,67.0,18.0,18.0,15.0,18.0,58.0,20.0,15.0,-1.0,24.0,10.0,29.0,46.0,1.0
2020-06-23,16.0,17.0,15.0,8.0,50.0,110.0,26.0,38.0,31.0,37.0,32.0,1.0,29.0,54.0,23.0,87.0,17.0,29.0,220.0,64.0,12.0,9.0,19.0,7.0,20.0,434.0,2.0
2020-06-24,5.0,18.0,24.0,7.0,50.0,87.0,20.0,38.0,20.0,39.0,51.0,5.0,22.0,22.0,21.0,86.0,12.0,23.0,142.0,51.0,11.0,12.0,23.0,16.0,13.0,284.0,2.0
2020-06-25,9.0,20.0,21.0,7.0,60.0,80.0,14.0,27.0,9.0,35.0,35.0,4.0,31.0,55.0,14.0,63.0,28.0,18.0,155.0,31.0,12.0,2.0,0.0,10.0,30.0,407.0,3.0
2020-06-26,8.0,17.0,8.0,7.0,41.0,67.0,23.0,17.0,41.0,35.0,27.0,3.0,28.0,31.0,22.0,122.0,18.0,25.0,137.0,13.0,9.0,8.0,40.0,9.0,25.0,207.0,5.0
2020-06-27,8.0,18.0,33.0,5.0,55.0,25.0,5.0,0.0,9.0,37.0,49.0,4.0,29.0,11.0,32.0,98.0,23.0,11.0,202.0,28.0,5.0,0.0,14.0,6.0,26.0,297.0,1.0
2020-06-28,2.0,19.0,10.0,1.0,51.0,8.0,11.0,59.0,2.0,39.0,17.0,3.0,23.0,25.0,15.0,43.0,28.0,24.0,30.0,62.0,5.0,0.0,5.0,8.0,15.0,75.0,3.0
2020-06-29,8.0,20.0,10.0,6.0,52.0,81.0,11.0,54.0,31.0,30.0,41.0,1.0,34.0,50.0,20.0,31.0,20.0,14.0,29.0,40.0,13.0,2.0,23.0,12.0,33.0,60.0,5.0
2020-06-30,4.0,20.0,31.0,4.0,53.0,70.0,28.0,27.0,24.0,36.0,25.0,9.0,39.0,40.0,46.0,47.0,23.0,36.0,232.0,33.0,19.0,31.0,32.0,17.0,23.0,365.0,4.0
2020-07-01,5.0,20.0,20.0,3.0,49.0,57.0,33.0,45.0,30.0,33.0,42.0,6.0,36.0,44.0,25.0,65.0,11.0,14.0,118.0,36.0,5.0,40.0,22.0,6.0,49.0,267.0,5.0
2020-07-02,8.0,19.0,19.0,7.0,45.0,104.0,11.0,35.0,51.0,38.0,52.0,16.0,41.0,46.0,42.0,74.0,29.0,43.0,134.0,69.0,7.0,4.0,27.0,15.0,0.0,321.0,2.0
2020-07-03,9.0,22.0,25.0,11.0,54.0,66.0,12.0,31.0,30.0,34.0,51.0,7.0,35.0,19.0,18.0,100.0,36.0,21.0,168.0,28.0,3.0,6.0,27.0,14.0,39.0,343.0,4.0
2020-07-04,4.0,21.0,31.0,3.0,49.0,68.0,28.0,23.0,19.0,32.0,73.0,3.0,45.0,27.0,20.0,48.0,22.0,36.0,124.0,8.0,15.0,4.0,25.0,7.0,19.0,302.0,5.0
2020-07-05,0.0,19.0,11.0,1.0,57.0,-2.0,28.0,22.0,0.0,34.0,18.0,5.0,35.0,9.0,17.0,27.0,25.0,32.0,43.0,41.0,7.0,3.0,12.0,10.0,15.0,82.0,4.0
2020-07-06,3.0,19.0,9.0,7.0,61.0,65.0,27.0,33.0,33.0,31.0,29.0,6.0,36.0,23.0,19.0,20.0,25.0,25.0,31.0,43.0,3.0,5.0,32.0,13.0,28.0,56.0,4.0
2020-07-07,5.0,20.0,14.0,6.0,48.0,59.0,41.0,43.0,72.0,36.0,52.0,6.0,39.0,41.0,27.0,71.0,24.0,31.0,183.0,35.0,19.0,10.0,34.0,14.0,25.0,341.0,5.0
2020-07-08,5.0,21.0,15.0,7.0,61.0,115.0,34.0,33.0,22.0,38.0,73.0,2.0,25.0,27.0,26.0,89.0,26.0,44.0,89.0,19.0,8.0,7.0,32.0,12.0,24.0,313.0,7.0
2020-07-09,7.0,17.0,18.0,5.0,51.0,96.0,22.0,17.0,47.0,33.0,90.0,10.0,40.0,28.0,25.0,86.0,12.0,36.0,145.0,11.0,4.0,0.0,45.0,15.0,26.0,330.0,5.0
2020-07-10,6.0,16.0,23.0,3.0,55.0,68.0,33.0,38.0,40.0,35.0,59.0,7.0,65.0,50.0,33.0,73.0,18.0,47.0,165.0,24.0,17.0,3.0,49.0,12.0,30.0,324.0,6.0
2020-07-11,2.0,18.0,15.0,3.0,53.0,25.0,15.0,28.0,12.0,34.0,46.0,8.0,21.0,15.0,21.0,74.0,22.0,38.0,126.0,8.0,11.0,0.0,24.0,26.0,23.0,260.0,4.0
2020-07-12,7.0,17.0,16.0,1.0,47.0,2.0,31.0,15.0,4.0,37.0,26.0,6.0,30.0,4.0,34.0,39.0,24.0,29.0,9.0,16.0,11.0,1.0,19.0,12.0,30.0,146.0,4.0
2020-07-13,4.0,16.0,9.0,4.0,52.0,106.0,28.0,30.0,29.0,38.0,39.0,10.0,28.0,25.0,18.0,57.0,32.0,44.0,59.0,39.0,19.0,1.0,33.0,20.0,28.0,59.0,8.0
2020-07-14,6.0,17.0,16.0,5.0,49.0,2.0,30.0,42.0,30.0,35.0,73.0,6.0,52.0,19.0,40.0,63.0,27.0,57.0,150.0,30.0,16.0,5.0,65.0,17.0,21.0,417.0,4.0
2020-07-15,10.0,17.0,16.0,5.0,54.0,104.0,41.0,14.0,49.0,36.0,64.0,8.0,39.0,48.0,41.0,57.0,24.0,54.0,133.0,28.0,4.0,12.0,41.0,35.0,21.0,316.0,7.0
2020-07-16,1.0,17.0,14.0,5.0,55.0,58.0,36.0,40.0,59.0,36.0,82.0,12.0,39.0,63.0,35.0,64.0,22.0,46.0,92.0,25.0,10.0,10.0,40.0,19.0,17.0,398.0,5.0
2020-07-17,5.0,17.0,24.0,6.0,45.0,27.0,23.0,38.0,33.0,32.0,70.0,13.0,56.0,30.0,28.0,33.0,18.0,46.0,70.0,45.0,9.0,4.0,33.0,58.0,17.0,339.0,5.0
2020-07-18,5.0,16.0,11.0,6.0,55.0,12.0,15.0,28.0,35.0,36.0,60.0,6.0,21.0,45.0,31.0,59.0,17.0,16.0,0.0,0.0,0.0,0.0,55.0,16.0,23.0,270.0,6.0
2020-07-19,3.0,16.0,20.0,2.0,47.0,1.0,10.0,20.0,20.0,32.0,18.0,6.0,36.0,15.0,9.0,56.0,18.0,19.0,195.0,13.0,0.0,2.0,23.0,23.0,14.0,85.0,5.0
2020-07-20,5.0,16.0,-3.0,8.0,51.0,77.0,27.0,34.0,39.0,32.0,22.0,20.0,38.0,16.0,31.0,52.0,22.0,30.0,47.0,38.0,24.0,4.0,33.0,9.0,31.0,56.0,9.0
2020-07-21,4.0,15.0,23.0,18.0,45.0,49.0,46.0,24.0,33.0,38.0,67.0,9.0,46.0,27.0,41.0,53.0,18.0,58.0,132.0,14.0,17.0,16.0,64.0,44.0,26.0,383.0,7.0
2020-07-22,1.0,15.0,14.0,11.0,52.0,24.0,18.0,28.0,59.0,32.0,95.0,9.0,42.0,35.0,23.0,63.0,26.0,71.0,150.0,14.0,31.0,7.0,48.0,27.0,29.0,361.0,11.0
2020-07-23,4.0,14.0,10.0,4.0,56.0,82.0,42.0,33.0,58.0,30.0,72.0,15.0,24.0,30.0,37.0,59.0,31.0,59.0,92.0,16.0,26.0,7.0,59.0,47.0,36.0,362.0,8.0
2020-07-24,6.0,14.0,6.0,4.0,52.0,45.0,26.0,32.0,58.0,31.0,77.0,11.0,58.0,43.0,35.0,26.0,13.0,53.0,119.0,6.0,17.0,8.0,38.0,32.0,37.0,312.0,6.0
2020-07-25,3.0,15.0,11.0,2.0,44.0,24.0,31.0,13.0,27.0,27.0,89.0,13.0,24.0,27.0,22.0,62.0,15.0,55.0,154.0,0.0,9.0,0.0,60.0,36.0,19.0,311.0,6.0
2020-07-26,3.0,14.0,7.0,0.0,42.0,14.0,33.0,25.0,15.0,25.0,25.0,14.0,36.0,13.0,23.0,53.0,16.0,18.0,27.0,25.0,4.0,1.0,17.0,27.0,11.0,89.0,4.0
2020-07-27,7.0,14.0,7.0,2.0,45.0,15.0,31.0,26.0,62.0,20.0,32.0,9.0,48.0,24.0,29.0,24.0,19.0,32.0,41.0,17.0,16.0,5.0,40.0,17.0,26.0,70.0,7.0
2020-07-28,7.0,13.0,12.0,2.0,43.0,107.0,52.0,25.0,44.0,16.0,90.0,14.0,36.0,-59.0,18.0,45.0,14.0,40.0,157.0,21.0,10.0,14.0,69.0,36.0,19.0,383.0,7.0
2020-07-29,10.0,13.0,10.0,1.0,51.0,32.0,28.0,28.0,53.0,19.0,57.0,15.0,52.0,5.0,21.0,63.0,12.0,71.0,165.0,16.0,15.0,8.0,70.0,42.0,31.0,330.0,4.0
2020-07-30,11.0,14.0,6.0,2.0,70.0,16.0,25.0,24.0,52.0,18.0,84.0,19.0,42.0,29.0,19.0,42.0,25.0,47.0,150.0,26.0,9.0,4.0,75.0,41.0,18.0,321.0,13.0
2020-07-31,10.0,13.0,16.0,4.0,72.0,28.0,25.0,30.0,71.0,17.0,77.0,13.0,48.0,22.0,26.0,31.0,25.0,59.0,129.0,102.0,8.0,8.0,51.0,59.0,26.0,287.0,9.0
2020-08-01,4.0,14.0,10.0,3.0,54.0,12.0,21.0,21.0,14.0,19.0,92.0,15.0,34.0,23.0,22.0,40.0,15.0,55.0,79.0,4.0,9.0,0.0,71.0,52.0,14.0,239.0,5.0
2020-08-02,2.0,13.0,5.0,3.0,55.0,6.0,33.0,13.0,10.0,18.0,30.0,17.0,26.0,11.0,17.0,37.0,16.0,30.0,16.0,11.0,3.0,0.0,27.0,21.0,17.0,81.0,7.0
2020-08-03,2.0,13.0,5.0,5.0,52.0,51.0,23.0,22.0,15.0,19.0,3.0,11.0,25.0,15.0,20.0,35.0,16.0,45.0,32.0,32.0,4.0,15.0,42.0,21.0,24.0,48.0,6.0
2020-08-04,6.0,14.0,11.0,5.0,54.0,60.0,26.0,27.0,101.0,16.0,149.0,10.0,70.0,19.0,31.0,48.0,15.0,78.0,111.0,7.0,10.0,4.0,83.0,39.0,20.0,337.0,7.0
2020-08-05,2.0,12.0,18.0,7.0,58.0,52.0,33.0,19.0,71.0,18.0,152.0,16.0,16.0,17.0,21.0,41.0,20.0,36.0,140.0,21.0,20.0,6.0,64.0,71.0,16.0,407.0,13.0
2020-08-06,5.0,10.0,18.0,6.0,53.0,48.0,46.0,20.0,36.0,17.0,109.0,23.0,38.0,19.0,23.0,70.0,16.0,60.0,86.0,11.0,5.0,6.0,68.0,51.0,33.0,339.0,9.0
2020-08-07,4.0,11.0,10.0,5.0,54.0,25.0,31.0,32.0,50.0,18.0,77.0,11.0,50.0,17.0,20.0,39.0,17.0,121.0,87.0,5.0,11.0,3.0,51.0,43.0,0.0,287.0,7.0
2020-08-08,3.0,11.0,10.0,2.0,56.0,8.0,30.0,22.0,43.0,16.0,68.0,17.0,24.0,14.0,18.0,53.0,11.0,-26.0,42.0,0.0,6.0,0.0,64.0,19.0,19.0,281.0,7.0
2020-08-09,2.0,12.0,4.0,1.0,54.0,25.0,19.0,15.0,3.0,15.0,88.0,14.0,22.0,8.0,17.0,50.0,23.0,26.0,10.0,7.0,3.0,0.0,14.0,26.0,12.0,98.0,10.0
2020-08-10,1.0,11.0,25.0,1.0,58.0,15.0,31.0,29.0,52.0,18.0,60.0,21.0,57.0,8.0,23.0,0.0,23.0,53.0,28.0,36.0,1.0,4.0,57.0,96.0,25.0,37.0,13.0
2020-08-11,3.0,12.0,21.0,1.0,56.0,49.0,53.0,19.0,50.0,17.0,16.0,14.0,35.0,8.0,23.0,38.0,22.0,47.0,104.0,6.0,22.0,4.0,55.0,78.0,19.0,420.0,8.0
2020-08-12,4.0,11.0,12.0,2.0,37.0,33.0,55.0,21.0,60.0,11.0,170.0,12.0,25.0,8.0,25.0,41.0,18.0,71.0,83.0,17.0,15.0,6.0,68.0,18.0,20.0,298.0,11.0
2020-08-13,5.0,10.0,18.0,3.0,98.0,37.0,35.0,19.0,56.0,13.0,63.0,21.0,38.0,7.0,21.0,35.0,15.0,60.0,117.0,5.0,12.0,4.0,44.0,59.0,17.0,455.0,7.0
2020-08-14,2.0,11.0,20.0,3.0,69.0,14.0,30.0,26.0,48.0,12.0,97.0,7.0,34.0,8.0,21.0,27.0,13.0,36.0,95.0,21.0,8.0,3.0,47.0,46.0,14.0,289.0,6.0
2020-08-15,0.0,10.0,8.0,1.0,67.0,2.0,23.0,14.0,28.0,13.0,101.0,28.0,27.0,8.0,25.0,45.0,14.0,53.0,19.0,0.0,11.0,0.0,16.0,25.0,12.0,167.0,5.0
2020-08-16,0.0,11.0,20.0,0.0,68.0,4.0,18.0,11.0,16.0,11.0,88.0,14.0,14.0,5.0,24.0,32.0,11.0,26.0,36.0,19.0,1.0,0.0,42.0,30.0,9.0,72.0,5.0
2020-08-17,6.0,10.0,22.0,4.0,69.0,39.0,66.0,33.0,48.0,13.0,91.0,17.0,39.0,30.0,21.0,22.0,18.0,42.0,4.0,21.0,4.0,6.0,55.0,42.0,12.0,47.0,15.0
2020-08-18,8.0,11.0,19.0,2.0,67.0,30.0,55.0,30.0,86.0,12.0,83.0,11.0,21.0,40.0,20.0,42.0,16.0,48.0,162.0,24.0,9.0,1.0,78.0,44.0,12.0,416.0,5.0
2020-08-19,1.0,10.0,13.0,3.0,69.0,39.0,51.0,26.0,52.0,13.0,130.0,18.0,44.0,12.0,20.0,28.0,7.0,27.0,185.0,7.0,11.0,1.0,59.0,35.0,16.0,276.0,11.0
2020-08-20,4.0,9.0,14.0,4.0,74.0,4.0,52.0,16.0,109.0,13.0,107.0,10.0,37.0,10.0,21.0,23.0,12.0,83.0,161.0,21.0,8.0,0.0,67.0,42.0,12.0,314.0,9.0
2020-08-21,3.0,9.0,5.0,1.0,72.0,23.0,42.0,23.0,63.0,13.0,120.0,26.0,22.0,10.0,24.0,32.0,29.0,37.0,128.0,11.0,5.0,3.0,45.0,35.0,4.0,250.0,17.0
2020-08-22,0.0,8.0,1.0,3.0,75.0,20.0,15.0,13.0,47.0,12.0,74.0,16.0,18.0,10.0,20.0,29.0,13.0,33.0,65.0,0.0,11.0,0.0,53.0,32.0,10.0,237.0,12.0
2020-08-23,2.0,8.0,6.0,1.0,73.0,1.0,17.0,11.0,8.0,12.0,53.0,11.0,14.0,5.0,20.0,26.0,10.0,16.0,25.0,8.0,4.0,0.0,16.0,15.0,11.0,75.0,8.0
2020-08-24,4.0,9.0,9.0,6.0,76.0,46.0,42.0,19.0,61.0,13.0,15.0,18.0,42.0,16.0,22.0,9.0,17.0,33.0,100.0,19.0,8.0,3.0,40.0,24.0,11.0,38.0,17.0
2020-08-25,3.0,9.0,16.0,5.0,70.0,11.0,28.0,23.0,58.0,12.0,42.0,16.0,39.0,19.0,20.0,26.0,13.0,52.0,168.0,23.0,14.0,0.0,59.0,50.0,15.0,407.0,11.0
2020-08-26,0.0,8.0,12.0,5.0,65.0,16.0,55.0,18.0,71.0,13.0,101.0,17.0,15.0,5.0,21.0,35.0,11.0,40.0,140.0,4.0,13.0,4.0,74.0,26.0,14.0,282.0,14.0
2020-08-27,0.0,9.0,16.0,5.0,62.0,12.0,26.0,19.0,54.0,12.0,101.0,23.0,39.0,4.0,17.0,20.0,20.0,51.0,159.0,15.0,9.0,1.0,40.0,28.0,8.0,221.0,14.0
2020-08-28,1.0,8.0,13.0,5.0,65.0,6.0,15.0,12.0,57.0,10.0,118.0,17.0,32.0,3.0,16.0,32.0,19.0,41.0,0.0,8.0,5.0,0.0,48.0,23.0,7.0,279.0,9.0
2020-08-29,0.0,9.0,5.0,2.0,59.0,2.0,10.0,12.0,22.0,12.0,103.0,11.0,17.0,6.0,18.0,35.0,21.0,40.0,157.0,0.0,11.0,0.0,62.0,25.0,2.0,250.0,6.0
2020-08-30,1.0,8.0,5.0,1.0,42.0,2.0,19.0,6.0,23.0,12.0,56.0,11.0,21.0,31.0,13.0,27.0,0.0,17.0,11.0,16.0,4.0,0.0,10.0,17.0,5.0,34.0,9.0
2020-08-31,3.0,9.0,10.0,1.0,53.0,25.0,52.0,23.0,70.0,10.0,9.0,27.0,34.0,30.0,15.0,19.0,18.0,39.0,38.0,9.0,19.0,6.0,40.0,25.0,13.0,36.0,14.0
2020-09-01,4.0,8.0,12.0,2.0,51.0,50.0,52.0,26.0,83.0,11.0,29.0,14.0,26.0,25.0,15.0,21.0,3.0,55.0,152.0,10.0,7.0,2.0,66.0,41.0,10.0,361.0,14.0
2020-09-02,2.0,7.0,158.0,5.0,54.0,22.0,36.0,20.0,81.0,10.0,141.0,11.0,31.0,14.0,18.0,42.0,9.0,54.0,98.0,3.0,6.0,1.0,42.0,24.0,6.0,298.0,11.0
2020-09-03,4.0,8.0,9.0,1.0,47.0,51.0,32.0,17.0,62.0,11.0,86.0,25.0,25.0,13.0,18.0,-37.0,29.0,50.0,79.0,3.0,4.0,2.0,47.0,27.0,4.0,232.0,18.0
2020-09-04,1.0,7.0,6.0,1.0,41.0,31.0,40.0,14.0,55.0,10.0,117.0,14.0,30.0,12.0,16.0,26.0,0.0,56.0,73.0,4.0,7.0,0.0,60.0,24.0,3.0,186.0,15.0
2020-09-05,1.0,7.0,7.0,1.0,37.0,2.0,19.0,7.0,10.0,11.0,0.0,13.0,17.0,9.0,12.0,25.0,9.0,32.0,59.0,0.0,8.0,0.0,64.0,24.0,5.0,222.0,3.0
2020-09-06,0.0,6.0,6.0,1.0,31.0,1.0,10.0,0.0,16.0,9.0,129.0,4.0,15.0,8.0,14.0,32.0,8.0,14.0,42.0,9.0,5.0,0.0,25.0,5.0,8.0,40.0,6.0
2020-09-07,0.0,6.0,2.0,1.0,35.0,1.0,10.0,26.0,15.0,10.0,14.0,17.0,23.0,12.0,7.0,19.0,14.0,26.0,25.0,2.0,2.0,0.0,17.0,17.0,5.0,24.0,4.0
2020-09-08,6.0,7.0,6.0,2.0,41.0,21.0,43.0,18.0,3.0,11.0,26.0,20.0,32.0,11.0,13.0,20.0,9.0,38.0,53.0,0.0,6.0,7.0,44.0,20.0,0.0,53.0,4.0
2020-09-09,1.0,6.0,8.0,0.0,40.0,46.0,50.0,12.0,121.0,10.0,58.0,17.0,30.0,9.0,15.0,23.0,7.0,45.0,124.0,6.0,14.0,2.0,82.0,18.0,22.0,391.0,11.0
2020-09-10,4.0,8.0,11.0,1.0,44.0,23.0,30.0,16.0,96.0,11.0,74.0,11.0,33.0,10.0,12.0,28.0,16.0,50.0,101.0,6.0,10.0,2.0,47.0,23.0,13.0,283.0,11.0
2020-09-11,1.0,8.0,9.0,1.0,48.0,26.0,24.0,18.0,60.0,10.0,105.0,20.0,20.0,8.0,14.0,25.0,11.0,71.0,12.0,5.0,14.0,1.0,68.0,14.0,6.0,234.0,15.0
2020-09-12,1.0,7.0,5.0,1.0,46.0,2.0,16.0,6.0,32.0,9.0,86.0,10.0,18.0,37.0,12.0,35.0,9.0,20.0,102.0,2.0,9.0,0.0,42.0,18.0,6.0,229.0,7.0
2020-09-13,3.0,7.0,4.0,0.0,49.0,1.0,16.0,8.0,12.0,11.0,76.0,20.0,19.0,24.0,11.0,22.0,6.0,22.0,5.0,2.0,6.0,0.0,16.0,14.0,4.0,39.0,8.0
2020-09-14,0.0,6.0,6.0,2.0,38.0,12.0,31.0,13.0,72.0,10.0,10.0,21.0,27.0,19.0,12.0,14.0,15.0,30.0,13.0,9.0,7.0,1.0,25.0,14.0,7.0,36.0,8.0
2020-09-15,2.0,6.0,9.0,2.0,41.0,51.0,40.0,17.0,50.0,11.0,42.0,16.0,15.0,18.0,10.0,26.0,8.0,65.0,177.0,4.0,16.0,0.0,94.0,26.0,6.0,321.0,9.0
2020-09-16,1.0,5.0,13.0,3.0,45.0,15.0,30.0,12.0,44.0,10.0,91.0,11.0,32.0,16.0,10.0,19.0,11.0,53.0,162.0,3.0,8.0,0.0,42.0,24.0,3.0,290.0,9.0
2020-09-17,3.0,6.0,11.0,3.0,47.0,17.0,22.0,11.0,86.0,11.0,81.0,15.0,22.0,17.0,11.0,21.0,5.0,47.0,111.0,8.0,12.0,2.0,52.0,16.0,3.0,219.0,10.0
2020-09-18,1.0,6.0,19.0,2.0,49.0,14.0,15.0,5.0,63.0,10.0,74.0,14.0,22.0,13.0,14.0,17.0,13.0,49.0,122.0,7.0,5.0,0.0,50.0,18.0,4.0,206.0,16.0
2020-09-19,1.0,6.0,6.0,1.0,40.0,6.0,11.0,4.0,22.0,11.0,82.0,10.0,14.0,9.0,11.0,33.0,12.0,26.0,59.0,0.0,3.0,0.0,53.0,8.0,4.0,249.0,0.0
2020-09-20,1.0,5.0,3.0,0.0,44.0,14.0,14.0,14.0,16.0,10.0,58.0,7.0,17.0,8.0,12.0,12.0,1.0,17.0,43.0,4.0,3.0,0.0,13.0,4.0,5.0,25.0,1.0
2020-09-21,0.0,5.0,5.0,2.0,48.0,19.0,35.0,10.0,58.0,11.0,13.0,12.0,18.0,9.0,12.0,9.0,13.0,36.0,50.0,3.0,5.0,3.0,25.0,17.0,6.0,32.0,10.0
2020-09-22,2.0,5.0,3.0,2.0,46.0,16.0,34.0,12.0,34.0,10.0,37.0,13.0,21.0,12.0,10.0,30.0,10.0,39.0,71.0,1.0,7.0,0.0,63.0,15.0,6.0,282.0,13.0
2020-09-23,1.0,5.0,17.0,2.0,49.0,26.0,17.0,8.0,57.0,9.0,133.0,13.0,18.0,13.0,12.0,30.0,12.0,59.0,113.0,10.0,8.0,19.0,43.0,15.0,6.0,226.0,11.0
2020-09-24,1.0,6.0,8.0,1.0,47.0,15.0,16.0,7.0,83.0,10.0,86.0,17.0,13.0,12.0,21.0,25.0,12.0,36.0,126.0,2.0,3.0,2.0,29.0,18.0,5.0,185.0,9.0
2020-09-25,1.0,6.0,8.0,1.0,48.0,14.0,11.0,26.0,84.0,10.0,73.0,15.0,26.0,20.0,16.0,19.0,6.0,38.0,129.0,4.0,5.0,0.0,30.0,19.0,6.0,200.0,7.0
2020-09-26,2.0,6.0,22.0,3.0,49.0,13.0,8.0,7.0,31.0,11.0,125.0,14.0,19.0,12.0,10.0,27.0,4.0,26.0,81.0,0.0,5.0,0.0,41.0,13.0,5.0,186.0,2.0
2020-09-27,1.0,3.0,5.0,0.0,47.0,3.0,5.0,12.0,17.0,10.0,47.0,15.0,6.0,5.0,9.0,18.0,6.0,14.0,31.0,5.0,3.0,0.0,12.0,11.0,4.0,45.0,3.0
2020-09-28,0.0,7.0,4.0,2.0,49.0,27.0,15.0,20.0,60.0,11.0,12.0,15.0,23.0,9.0,7.0,16.0,6.0,20.0,13.0,7.0,4.0,4.0,21.0,18.0,6.0,17.0,0.0
2020-09-29,0.0,5.0,4.0,1.0,49.0,9.0,21.0,14.0,69.0,10.0,19.0,10.0,22.0,13.0,12.0,32.0,15.0,44.0,97.0,8.0,11.0,7.0,76.0,21.0,6.0,266.0,17.0
2020-09-30,2.0,5.0,7.0,4.0,47.0,37.0,31.0,7.0,54.0,11.0,101.0,8.0,12.0,9.0,8.0,29.0,5.0,63.0,99.0,3.0,6.0,6.0,58.0,11.0,5.0,231.0,9.0
2020-10-01,2.0,6.0,117.0,3.0,51.0,53.0,21.0,6.0,66.0,10.0,76.0,15.0,22.0,3.0,11.0,28.0,5.0,42.0,80.0,3.0,10.0,5.0,33.0,24.0,4.0,182.0,9.0
2020-10-02,3.0,7.0,3.0,1.0,49.0,0.0,15.0,13.0,61.0,10.0,66.0,9.0,19.0,8.0,7.0,20.0,12.0,33.0,98.0,4.0,1.0,2.0,37.0,9.0,5.0,152.0,9.0
2020-10-03,3.0,6.0,7.0,2.0,46.0,4.0,18.0,8.0,0.0,11.0,67.0,16.0,19.0,7.0,4.0,19.0,5.0,14.0,84.0,0.0,3.0,0.0,46.0,12.0,6.0,180.0,2.0
2020-10-04,0.0,6.0,7.0,1.0,35.0,3.0,16.0,8.0,35.0,9.0,74.0,14.0,16.0,6.0,5.0,15.0,7.0,15.0,20.0,1.0,0.0,0.0,10.0,5.0,4.0,42.0,4.0
2020-10-05,0.0,6.0,9.0,2.0,28.0,13.0,21.0,14.0,60.0,11.0,13.0,11.0,12.0,8.0,10.0,7.0,13.0,30.0,11.0,4.0,4.0,0.0,44.0,11.0,6.0,42.0,3.0
2020-10-06,1.0,6.0,8.0,3.0,32.0,23.0,18.0,10.0,62.0,10.0,48.0,9.0,19.0,9.0,11.0,16.0,11.0,54.0,103.0,6.0,9.0,5.0,37.0,14.0,6.0,270.0,10.0
2020-10-07,0.0,6.0,9.0,1.0,36.0,14.0,14.0,13.0,76.0,11.0,107.0,10.0,12.0,6.0,12.0,23.0,8.0,30.0,86.0,1.0,1.0,0.0,46.0,8.0,5.0,179.0,11.0
2020-10-08,1.0,6.0,13.0,2.0,28.0,20.0,13.0,11.0,53.0,10.0,86.0,14.0,10.0,7.0,10.0,8.0,9.0,9.0,141.0,3.0,5.0,4.0,33.0,12.0,6.0,215.0,6.0
2020-10-09,5.0,5.0,8.0,1.0,26.0,5.0,7.0,12.0,42.0,11.0,95.0,16.0,16.0,9.0,10.0,10.0,9.0,24.0,112.0,0.0,2.0,0.0,32.0,1.0,5.0,184.0,7.0
2020-10-10,0.0,6.0,12.0,0.0,24.0,4.0,14.0,6.0,29.0,11.0,69.0,8.0,12.0,9.0,10.0,11.0,11.0,19.0,62.0,0.0,4.0,0.0,35.0,15.0,6.0,155.0,2.0
2020-10-11,0.0,6.0,4.0,0.0,29.0,1.0,12.0,4.0,10.0,9.0,66.0,7.0,8.0,2.0,8.0,3.0,13.0,13.0,24.0,2.0,2.0,0.0,6.0,9.0,6.0,33.0,1.0
2020-10-12,1.0,6.0,8.0,1.0,31.0,1.0,15.0,9.0,10.0,7.0,3.0,9.0,13.0,1.0,8.0,3.0,7.0,16.0,4.0,3.0,0.0,0.0,7.0,1.0,7.0,23.0,0.0
2020-10-13,0.0,7.0,7.0,1.0,29.0,5.0,27.0,21.0,43.0,9.0,15.0,15.0,25.0,4.0,14.0,3.0,12.0,21.0,24.0,5.0,8.0,6.0,19.0,9.0,5.0,35.0,9.0
2020-10-14,1.0,6.0,14.0,1.0,26.0,44.0,22.0,9.0,37.0,11.0,26.0,5.0,17.0,6.0,14.0,21.0,12.0,17.0,104.0,8.0,5.0,1.0,70.0,13.0,6.0,227.0,9.0
2020-10-15,1.0,5.0,21.0,1.0,29.0,15.0,11.0,5.0,44.0,10.0,96.0,9.0,16.0,3.0,12.0,18.0,8.0,58.0,115.0,113.0,5.0,3.0,45.0,12.0,5.0,149.0,5.0
2020-10-16,2.0,5.0,16.0,1.0,24.0,3.0,27.0,10.0,41.0,8.0,78.0,8.0,10.0,6.0,7.0,13.0,9.0,33.0,99.0,4.0,5.0,1.0,30.0,10.0,6.0,180.0,7.0
2020-10-17,0.0,5.0,20.0,1.0,21.0,5.0,13.0,5.0,0.0,9.0,60.0,7.0,9.0,1.0,8.0,11.0,8.0,8.0,61.0,0.0,0.0,0.0,30.0,4.0,5.0,122.0,2.0
2020-10-18,0.0,5.0,7.0,0.0,28.0,3.0,6.0,4.0,0.0,7.0,41.0,4.0,5.0,5.0,8.0,7.0,9.0,2.0,50.0,1.0,0.0,0.0,5.0,1.0,5.0,28.0,4.0
2020-10-19,0.0,5.0,18.0,3.0,26.0,7.0,16.0,15.0,58.0,9.0,7.0,15.0,15.0,4.0,8.0,3.0,9.0,14.0,5.0,1.0,6.0,5.0,41.0,9.0,5.0,15.0,7.0
2020-10-20,3.0,5.0,13.0,0.0,21.0,10.0,14.0,12.0,34.0,10.0,30.0,6.0,12.0,4.0,9.0,15.0,10.0,62.0,66.0,3.0,2.0,3.0,64.0,15.0,6.0,211.0,8.0
2020-10-21,0.0,5.0,8.0,2.0,21.0,16.0,12.0,15.0,25.0,11.0,71.0,6.0,14.0,7.0,10.0,14.0,8.0,36.0,109.0,2.0,0.0,1.0,30.0,7.0,6.0,125.0,9.0
2020-10-22,3.0,4.0,25.0,2.0,23.0,0.0,13.0,12.0,36.0,8.0,67.0,14.0,8.0,7.0,9.0,8.0,5.0,12.0,76.0,0.0,1.0,1.0,36.0,13.0,6.0,111.0,6.0
2020-10-23,1.0,5.0,30.0,2.0,25.0,2.0,13.0,6.0,36.0,10.0,65.0,10.0,7.0,13.0,9.0,4.0,13.0,37.0,94.0,4.0,1.0,0.0,36.0,4.0,6.0,126.0,4.0
2020-10-24,0.0,5.0,7.0,1.0,21.0,3.0,10.0,7.0,4.0,9.0,46.0,5.0,9.0,5.0,9.0,11.0,7.0,8.0,56.0,0.0,3.0,0.0,27.0,9.0,5.0,118.0,2.0
2020-10-25,1.0,5.0,13.0,0.0,22.0,11.0,10.0,7.0,11.0,7.0,38.0,2.0,7.0,3.0,7.0,10.0,5.0,10.0,0.0,1.0,2.0,0.0,0.0,4.0,4.0,21.0,0.0
2020-10-26,2.0,5.0,14.0,0.0,22.0,34.0,8.0,12.0,40.0,9.0,9.0,11.0,15.0,4.0,8.0,12.0,11.0,5.0,42.0,1.0,6.0,0.0,34.0,13.0,6.0,6.0,5.0
2020-10-27,1.0,5.0,18.0,2.0,22.0,30.0,12.0,18.0,30.0,11.0,10.0,4.0,13.0,4.0,8.0,11.0,5.0,22.0,79.0,5.0,6.0,1.0,50.0,18.0,6.0,132.0,3.0
2020-10-28,1.0,5.0,13.0,1.0,27.0,3.0,8.0,9.0,6.0,10.0,83.0,11.0,11.0,3.0,6.0,12.0,14.0,18.0,84.0,4.0,1.0,0.0,34.0,9.0,6.0,122.0,3.0
2020-10-29,1.0,4.0,25.0,2.0,25.0,9.0,9.0,15.0,78.0,10.0,44.0,7.0,13.0,2.0,7.0,12.0,10.0,27.0,86.0,2.0,5.0,0.0,30.0,9.0,5.0,112.0,2.0
2020-10-30,1.0,4.0,12.0,1.0,29.0,9.0,6.0,6.0,21.0,10.0,99.0,4.0,5.0,5.0,8.0,10.0,8.0,31.0,103.0,2.0,1.0,0.0,39.0,17.0,6.0,136.0,0.0
2020-10-31,0.0,4.0,15.0,1.0,22.0,9.0,7.0,8.0,2.0,9.0,0.0,10.0,7.0,8.0,10.0,18.0,4.0,11.0,35.0,0.0,2.0,0.0,29.0,20.0,5.0,56.0,0.0
2020-11-01,0.0,4.0,12.0,0.0,23.0,7.0,5.0,7.0,7.0,8.0,23.0,7.0,4.0,7.0,6.0,5.0,16.0,6.0,11.0,5.0,0.0,0.0,7.0,8.0,5.0,20.0,0.0
2020-11-02,0.0,4.0,10.0,1.0,22.0,2.0,7.0,1.0,0.0,9.0,9.0,3.0,5.0,4.0,1.0,6.0,12.0,10.0,25.0,1.0,0.0,0.0,1.0,7.0,6.0,15.0,3.0
2020-11-03,2.0,4.0,8.0,2.0,23.0,3.0,12.0,13.0,28.0,11.0,3.0,10.0,12.0,5.0,11.0,5.0,9.0,26.0,15.0,5.0,3.0,1.0,39.0,10.0,6.0,18.0,5.0
2020-11-04,1.0,4.0,15.0,0.0,21.0,20.0,12.0,8.0,35.0,10.0,19.0,7.0,9.0,6.0,11.0,24.0,9.0,11.0,108.0,6.0,4.0,2.0,59.0,24.0,5.0,185.0,3.0
2020-11-05,1.0,4.0,19.0,0.0,20.0,7.0,9.0,12.0,44.0,10.0,59.0,5.0,13.0,6.0,8.0,20.0,9.0,24.0,90.0,4.0,6.0,0.0,51.0,10.0,3.0,168.0,1.0
2020-11-06,0.0,4.0,0.0,0.0,23.0,1.0,5.0,14.0,5.0,11.0,71.0,0.0,7.0,5.0,8.0,24.0,5.0,37.0,0.0,0.0,3.0,0.0,19.0,22.0,4.0,0.0,3.0
2020-11-07,2.0,4.0,15.0,0.0,22.0,2.0,7.0,9.0,0.0,7.0,5.0,0.0,10.0,6.0,4.0,13.0,3.0,32.0,56.0,0.0,1.0,0.0,17.0,7.0,4.0,0.0,2.0
2020-11-08,0.0,4.0,3.0,0.0,20.0,7.0,12.0,7.0,0.0,6.0,0.0,0.0,1.0,5.0,4.0,8.0,3.0,90.0,0.0,3.0,2.0,0.0,2.0,9.0,4.0,0.0,0.0
2020-11-09,2.0,4.0,19.0,13.0,22.0,5.0,7.0,12.0,0.0,5.0,0.0,6.0,8.0,4.0,6.0,8.0,12.0,18.0,0.0,6.0,2.0,0.0,5.0,20.0,1.0,0.0,1.0
2020-11-10,3.0,4.0,6.0,2.0,20.0,9.0,16.0,15.0,0.0,8.0,0.0,5.0,10.0,3.0,6.0,23.0,4.0,27.0,0.0,4.0,4.0,6.0,4.0,12.0,2.0,0.0,5.0
2020-11-11,1.0,4.0,5.0,4.0,21.0,2.0,13.0,16.0,26.0,8.0,0.0,29.0,11.0,4.0,12.0,10.0,13.0,66.0,65.0,2.0,4.0,4.0,33.0,25.0,1.0,190.0,5.0
2020-11-12,2.0,3.0,26.0,1.0,23.0,12.0,9.0,13.0,36.0,8.0,55.0,9.0,83.0,2.0,9.0,21.0,17.0,47.0,120.0,25.0,6.0,0.0,91.0,14.0,3.0,295.0,3.0
2020-11-13,0.0,3.0,2.0,3.0,20.0,5.0,11.0,11.0,93.0,8.0,146.0,5.0,10.0,9.0,6.0,11.0,7.0,78.0,72.0,2.0,5.0,1.0,43.0,16.0,4.0,0.0,5.0
2020-11-14,1.0,3.0,10.0,3.0,20.0,4.0,5.0,5.0,1.0,9.0,99.0,2.0,4.0,10.0,6.0,10.0,1.0,3.0,122.0,0.0,4.0,0.0,47.0,11.0,3.0,347.0,4.0
2020-11-15,0.0,4.0,4.0,0.0,21.0,0.0,4.0,11.0,5.0,7.0,3.0,3.0,1.0,5.0,5.0,12.0,6.0,6.0,10.0,3.0,0.0,0.0,4.0,9.0,2.0,15.0,0.0
2020-11-16,0.0,3.0,2.0,3.0,24.0,4.0,8.0,21.0,25.0,9.0,10.0,4.0,12.0,6.0,7.0,11.0,11.0,31.0,7.0,0.0,2.0,3.0,24.0,12.0,1.0,12.0,4.0
2020-11-17,1.0,3.0,24.0,2.0,22.0,5.0,12.0,7.0,32.0,8.0,14.0,2.0,3.0,6.0,5.0,16.0,13.0,30.0,173.0,6.0,5.0,0.0,71.0,40.0,3.0,173.0,3.0
2020-11-18,0.0,3.0,5.0,1.0,24.0,18.0,8.0,21.0,38.0,8.0,74.0,6.0,7.0,7.0,7.0,19.0,2.0,35.0,224.0,3.0,3.0,2.0,42.0,14.0,3.0,178.0,2.0
2020-11-19,1.0,4.0,13.0,2.0,25.0,7.0,7.0,24.0,71.0,7.0,43.0,8.0,10.0,4.0,9.0,17.0,12.0,34.0,108.0,6.0,2.0,9.0,54.0,21.0,4.0,147.0,1.0
2020-11-20,1.0,3.0,20.0,2.0,23.0,14.0,5.0,19.0,23.0,8.0,40.0,5.0,8.0,6.0,4.0,9.0,6.0,5.0,132.0,1.0,2.0,0.0,37.0,30.0,4.0,105.0,1.0
2020-11-21,2.0,3.0,10.0,2.0,20.0,0.0,5.0,13.0,20.0,6.0,44.0,4.0,1.0,4.0,8.0,21.0,5.0,14.0,33.0,0.0,1.0,0.0,40.0,24.0,0.0,77.0,0.0
2020-11-22,0.0,3.0,8.0,0.0,21.0,-2.0,5.0,14.0,1.0,8.0,45.0,5.0,7.0,6.0,4.0,3.0,5.0,7.0,3.0,2.0,2.0,0.0,7.0,12.0,1.0,11.0,0.0
2020-11-23,1.0,4.0,18.0,3.0,21.0,29.0,15.0,21.0,18.0,9.0,17.0,11.0,8.0,4.0,8.0,3.0,7.0,26.0,54.0,4.0,4.0,1.0,30.0,23.0,4.0,9.0,3.0
2020-11-24,1.0,3.0,21.0,3.0,20.0,8.0,16.0,23.0,18.0,7.0,10.0,4.0,10.0,5.0,5.0,25.0,5.0,51.0,113.0,1.0,7.0,1.0,49.0,36.0,4.0,179.0,2.0
2020-11-25,6.0,2.0,8.0,4.0,22.0,10.0,8.0,14.0,19.0,8.0,54.0,6.0,4.0,4.0,7.0,20.0,7.0,47.0,115.0,1.0,5.0,1.0,66.0,31.0,5.0,146.0,2.0
2020-11-26,1.0,3.0,30.0,3.0,20.0,33.0,4.0,21.0,5.0,7.0,46.0,6.0,5.0,8.0,8.0,16.0,5.0,66.0,138.0,12.0,1.0,1.0,47.0,47.0,4.0,172.0,2.0
2020-11-27,0.0,2.0,13.0,3.0,22.0,33.0,5.0,17.0,34.0,9.0,44.0,3.0,4.0,9.0,7.0,12.0,9.0,35.0,54.0,7.0,0.0,3.0,39.0,59.0,4.0,129.0,3.0
2020-11-28,1.0,3.0,7.0,1.0,20.0,9.0,5.0,21.0,9.0,7.0,42.0,9.0,7.0,6.0,5.0,20.0,5.0,29.0,91.0,0.0,18.0,0.0,43.0,34.0,4.0,146.0,2.0
2020-11-29,0.0,2.0,9.0,0.0,20.0,0.0,5.0,7.0,1.0,8.0,41.0,3.0,7.0,8.0,4.0,11.0,2.0,15.0,22.0,4.0,2.0,0.0,8.0,20.0,4.0,28.0,2.0
2020-11-30,0.0,3.0,9.0,1.0,21.0,21.0,5.0,27.0,24.0,9.0,10.0,11.0,8.0,3.0,3.0,7.0,10.0,32.0,29.0,7.0,6.0,1.0,37.0,41.0,4.0,19.0,3.0
2020-12-01,3.0,2.0,2.0,3.0,25.0,10.0,9.0,17.0,13.0,9.0,10.0,13.0,10.0,9.0,10.0,19.0,10.0,61.0,93.0,9.0,6.0,6.0,87.0,47.0,4.0,195.0,3.0
2020-12-02,1.0,3.0,16.0,4.0,22.0,2.0,16.0,26.0,15.0,8.0,70.0,11.0,9.0,6.0,11.0,26.0,6.0,28.0,81.0,7.0,12.0,5.0,73.0,46.0,4.0,166.0,3.0
2020-12-03,3.0,2.0,20.0,5.0,21.0,17.0,7.0,27.0,19.0,9.0,66.0,14.0,3.0,6.0,10.0,16.0,8.0,71.0,127.0,4.0,7.0,1.0,70.0,43.0,4.0,181.0,2.0
2020-12-04,1.0,3.0,4.0,4.0,24.0,26.0,6.0,24.0,18.0,8.0,40.0,9.0,15.0,5.0,12.0,21.0,8.0,45.0,126.0,10.0,3.0,4.0,61.0,41.0,4.0,151.0,4.0
2020-12-05,1.0,2.0,10.0,3.0,28.0,10.0,10.0,12.0,17.0,5.0,56.0,6.0,7.0,6.0,7.0,21.0,7.0,62.0,82.0,0.0,4.0,0.0,62.0,41.0,5.0,181.0,3.0
2020-12-06,0.0,3.0,5.0,0.0,30.0,11.0,7.0,12.0,5.0,4.0,53.0,8.0,5.0,4.0,14.0,8.0,7.0,12.0,32.0,16.0,3.0,0.0,17.0,31.0,4.0,46.0,2.0
2020-12-07,4.0,3.0,13.0,4.0,27.0,33.0,16.0,34.0,20.0,5.0,5.0,11.0,12.0,5.0,8.0,22.0,11.0,38.0,20.0,12.0,8.0,0.0,52.0,30.0,4.0,25.0,3.0
2020-12-08,1.0,3.0,5.0,3.0,29.0,1.0,10.0,24.0,24.0,5.0,4.0,18.0,13.0,4.0,13.0,16.0,4.0,68.0,119.0,6.0,6.0,1.0,81.0,91.0,4.0,242.0,3.0
2020-12-09,5.0,3.0,3.0,5.0,28.0,24.0,21.0,30.0,16.0,6.0,84.0,18.0,6.0,9.0,11.0,14.0,9.0,69.0,160.0,11.0,7.0,4.0,72.0,51.0,5.0,179.0,2.0
2020-12-10,2.0,3.0,6.0,3.0,29.0,10.0,11.0,29.0,11.0,7.0,70.0,9.0,11.0,8.0,16.0,29.0,10.0,45.0,116.0,17.0,11.0,4.0,64.0,41.0,5.0,200.0,3.0
2020-12-11,3.0,3.0,9.0,5.0,30.0,2.0,8.0,29.0,18.0,6.0,66.0,16.0,9.0,9.0,13.0,15.0,6.0,47.0,84.0,5.0,5.0,2.0,61.0,60.0,5.0,141.0,3.0
2020-12-12,2.0,3.0,11.0,3.0,28.0,0.0,8.0,17.0,0.0,7.0,80.0,18.0,9.0,9.0,10.0,27.0,2.0,60.0,88.0,0.0,5.0,0.0,65.0,50.0,5.0,169.0,3.0
2020-12-13,1.0,4.0,3.0,0.0,21.0,12.0,7.0,11.0,0.0,5.0,56.0,18.0,8.0,5.0,9.0,13.0,1.0,4.0,4.0,16.0,4.0,0.0,9.0,31.0,4.0,47.0,2.0
2020-12-14,3.0,4.0,10.0,5.0,25.0,16.0,20.0,38.0,24.0,6.0,10.0,18.0,13.0,10.0,13.0,15.0,12.0,39.0,18.0,16.0,3.0,6.0,94.0,55.0,5.0,32.0,3.0
2020-12-15,2.0,4.0,15.0,4.0,30.0,55.0,9.0,21.0,13.0,7.0,8.0,11.0,10.0,5.0,17.0,25.0,8.0,116.0,147.0,7.0,10.0,3.0,85.0,84.0,4.0,232.0,2.0
2020-12-16,1.0,5.0,10.0,3.0,26.0,18.0,12.0,33.0,45.0,8.0,136.0,15.0,9.0,17.0,18.0,15.0,6.0,198.0,222.0,11.0,13.0,2.0,96.0,13.0,7.0,0.0,2.0
2020-12-17,0.0,5.0,13.0,3.0,29.0,22.0,16.0,33.0,20.0,7.0,78.0,16.0,12.0,7.0,20.0,22.0,6.0,55.0,95.0,16.0,13.0,3.0,82.0,81.0,6.0,399.0,2.0
2020-12-18,1.0,5.0,13.0,6.0,28.0,12.0,9.0,31.0,8.0,5.0,76.0,23.0,13.0,9.0,16.0,22.0,9.0,41.0,147.0,9.0,8.0,3.0,63.0,54.0,7.0,197.0,2.0
2020-12-19,1.0,5.0,14.0,5.0,29.0,3.0,6.0,20.0,4.0,7.0,84.0,19.0,4.0,6.0,6.0,35.0,1.0,58.0,103.0,0.0,8.0,0.0,65.0,16.0,7.0,151.0,2.0
2020-12-20,7.0,6.0,9.0,0.0,30.0,4.0,7.0,12.0,0.0,6.0,132.0,26.0,11.0,6.0,10.0,17.0,4.0,41.0,19.0,10.0,1.0,0.0,15.0,38.0,6.0,0.0,1.0
2020-12-21,2.0,7.0,9.0,5.0,28.0,11.0,11.0,37.0,5.0,7.0,10.0,31.0,64.0,6.0,13.0,8.0,10.0,19.0,6.0,12.0,10.0,0.0,72.0,65.0,6.0,107.0,1.0
2020-12-22,2.0,8.0,17.0,5.0,30.0,12.0,13.0,43.0,17.0,5.0,23.0,22.0,10.0,9.0,11.0,16.0,9.0,129.0,115.0,27.0,13.0,0.0,101.0,65.0,7.0,259.0,1.0
2020-12-23,7.0,8.0,22.0,6.0,28.0,8.0,12.0,27.0,55.0,7.0,97.0,30.0,15.0,17.0,10.0,28.0,4.0,68.0,179.0,5.0,7.0,1.0,85.0,49.0,7.0,181.0,2.0
2020-12-24,3.0,7.0,18.0,6.0,31.0,5.0,7.0,32.0,4.0,6.0,120.0,23.0,2.0,13.0,9.0,36.0,2.0,72.0,54.0,3.0,4.0,0.0,58.0,54.0,7.0,182.0,2.0
2020-12-25,1.0,7.0,10.0,2.0,30.0,0.0,4.0,17.0,4.0,7.0,87.0,24.0,13.0,16.0,10.0,21.0,8.0,34.0,73.0,2.0,2.0,0.0,31.0,34.0,7.0,37.0,1.0
2020-12-26,0.0,7.0,12.0,2.0,29.0,0.0,6.0,13.0,4.0,8.0,23.0,22.0,15.0,6.0,12.0,16.0,12.0,22.0,5.0,0.0,9.0,0.0,18.0,34.0,7.0,13.0,1.0
2020-12-27,5.0,7.0,17.0,0.0,28.0,0.0,3.0,13.0,1.0,7.0,7.0,16.0,7.0,12.0,15.0,11.0,1.0,26.0,13.0,10.0,4.0,0.0,40.0,32.0,6.0,55.0,1.0
2020-12-28,4.0,7.0,16.0,6.0,30.0,8.0,22.0,55.0,23.0,6.0,13.0,25.0,11.0,7.0,16.0,17.0,6.0,51.0,24.0,37.0,18.0,0.0,44.0,43.0,7.0,39.0,3.0
2020-12-29,2.0,7.0,26.0,6.0,31.0,11.0,18.0,35.0,13.0,9.0,10.0,30.0,18.0,20.0,12.0,24.0,6.0,77.0,136.0,14.0,20.0,0.0,144.0,79.0,7.0,293.0,3.0
2020-12-30,2.0,7.0,26.0,6.0,28.0,15.0,7.0,35.0,16.0,7.0,169.0,29.0,20.0,19.0,13.0,20.0,10.0,76.0,225.0,9.0,20.0,8.0,113.0,45.0,8.0,282.0,2.0
2020-12-31,2.0,7.0,27.0,6.0,29.0,7.0,11.0,15.0,0.0,5.0,118.0,18.0,14.0,11.0,12.0,22.0,3.0,88.0,227.0,0.0,12.0,6.0,79.0,47.0,8.0,240.0,2.0
2021-01-01,1.0,7.0,10.0,1.0,30.0,11.0,4.0,12.0,0.0,6.0,99.0,13.0,10.0,10.0,8.0,12.0,8.0,19.0,70.0,2.0,5.0,0.0,45.0,17.0,8.0,58.0,3.0
2021-01-02,2.0,6.0,30.0,1.0,28.0,11.0,5.0,22.0,0.0,7.0,22.0,12.0,9.0,8.0,12.0,8.0,6.0,8.0,8.0,0.0,3.0,0.0,17.0,24.0,8.0,33.0,3.0
2021-01-03,4.0,7.0,20.0,0.0,31.0,9.0,1.0,9.0,0.0,5.0,14.0,26.0,13.0,6.0,14.0,5.0,2.0,27.0,8.0,16.0,7.0,0.0,20.0,20.0,8.0,37.0,2.0
2021-01-04,4.0,6.0,23.0,8.0,28.0,1.0,20.0,52.0,52.0,6.0,26.0,33.0,31.0,12.0,16.0,12.0,7.0,32.0,1.0,35.0,8.0,2.0,64.0,62.0,8.0,43.0,4.0
2021-01-05,2.0,6.0,46.0,8.0,30.0,28.0,39.0,26.0,41.0,7.0,20.0,28.0,13.0,12.0,18.0,18.0,10.0,95.0,220.0,13.0,12.0,0.0,107.0,44.0,8.0,334.0,4.0
2021-01-06,6.0,8.0,86.0,7.0,28.0,9.0,0.0,29.0,3.0,6.0,128.0,27.0,23.0,16.0,15.0,22.0,9.0,78.0,231.0,8.0,23.0,4.0,101.0,62.0,8.0,289.0,5.0
2021-01-07,7.0,8.0,46.0,6.0,29.0,44.0,9.0,34.0,32.0,5.0,155.0,25.0,13.0,17.0,18.0,32.0,9.0,396.0,224.0,11.0,15.0,0.0,67.0,40.0,12.0,257.0,6.0
2021-01-08,2.0,8.0,69.0,6.0,31.0,31.0,8.0,22.0,13.0,7.0,103.0,14.0,16.0,12.0,15.0,26.0,4.0,87.0,188.0,8.0,9.0,0.0,66.0,62.0,10.0,261.0,4.0
2021-01-09,0.0,8.0,54.0,7.0,28.0,13.0,6.0,20.0,18.0,6.0,125.0,21.0,19.0,12.0,12.0,37.0,2.0,26.0,224.0,0.0,9.0,0.0,54.0,27.0,9.0,269.0,3.0
2021-01-10,2.0,8.0,32.0,0.0,32.0,9.0,5.0,14.0,1.0,7.0,115.0,19.0,17.0,11.0,8.0,14.0,9.0,7.0,45.0,12.0,3.0,0.0,26.0,26.0,11.0,53.0,4.0
2021-01-11,1.0,8.0,55.0,7.0,29.0,3.0,12.0,32.0,0.0,6.0,27.0,22.0,10.0,24.0,16.0,11.0,9.0,19.0,22.0,18.0,15.0,2.0,59.0,40.0,11.0,28.0,4.0
2021-01-12,1.0,8.0,54.0,5.0,27.0,13.0,7.0,31.0,42.0,7.0,14.0,22.0,14.0,10.0,12.0,38.0,7.0,117.0,205.0,10.0,25.0,5.0,121.0,30.0,10.0,283.0,8.0
2021-01-13,2.0,8.0,69.0,6.0,32.0,29.0,13.0,35.0,13.0,8.0,144.0,16.0,19.0,17.0,9.0,30.0,8.0,31.0,265.0,14.0,15.0,0.0,80.0,58.0,12.0,323.0,8.0
2021-01-14,3.0,8.0,51.0,4.0,31.0,5.0,11.0,31.0,45.0,5.0,134.0,23.0,20.0,10.0,12.0,27.0,5.0,61.0,200.0,12.0,10.0,5.0,91.0,29.0,10.0,304.0,7.0
2021-01-15,3.0,9.0,113.0,3.0,32.0,11.0,7.0,24.0,12.0,6.0,154.0,13.0,14.0,12.0,12.0,18.0,10.0,65.0,150.0,24.0,17.0,6.0,48.0,42.0,12.0,311.0,7.0
2021-01-16,0.0,9.0,80.0,2.0,31.0,3.0,6.0,19.0,25.0,7.0,173.0,13.0,21.0,9.0,11.0,29.0,5.0,31.0,164.0,0.0,6.0,0.0,38.0,31.0,11.0,285.0,5.0
2021-01-17,1.0,9.0,68.0,0.0,32.0,0.0,9.0,13.0,0.0,5.0,110.0,12.0,11.0,15.0,22.0,27.0,11.0,19.0,36.0,6.0,6.0,0.0,45.0,19.0,12.0,60.0,3.0
2021-01-18,1.0,9.0,117.0,9.0,29.0,17.0,6.0,30.0,5.0,7.0,18.0,19.0,22.0,15.0,0.0,11.0,7.0,-38.0,14.0,9.0,26.0,5.0,46.0,33.0,10.0,42.0,7.0
2021-01-19,2.0,9.0,142.0,5.0,30.0,3.0,9.0,29.0,0.0,5.0,24.0,18.0,31.0,7.0,10.0,28.0,8.0,78.0,221.0,4.0,13.0,0.0,84.0,50.0,12.0,331.0,7.0
2021-01-20,1.0,9.0,148.0,6.0,31.0,18.0,6.0,25.0,87.0,6.0,214.0,18.0,31.0,24.0,14.0,39.0,9.0,54.0,189.0,11.0,12.0,3.0,72.0,19.0,11.0,334.0,4.0
2021-01-21,4.0,9.0,159.0,3.0,32.0,38.0,10.0,25.0,32.0,7.0,170.0,30.0,25.0,12.0,13.0,35.0,4.0,57.0,225.0,20.0,14.0,0.0,73.0,48.0,12.0,286.0,4.0
2021-01-22,2.0,9.0,132.0,3.0,34.0,21.0,8.0,19.0,35.0,8.0,119.0,23.0,28.0,17.0,16.0,19.0,10.0,49.0,152.0,7.0,15.0,2.0,45.0,25.0,13.0,254.0,6.0
2021-01-23,2.0,9.0,162.0,3.0,33.0,11.0,8.0,24.0,21.0,5.0,138.0,18.0,24.0,12.0,13.0,25.0,5.0,63.0,220.0,0.0,12.0,0.0,58.0,36.0,9.0,231.0,3.0
2021-01-24,2.0,9.0,95.0,0.0,30.0,1.0,8.0,10.0,4.0,5.0,131.0,7.0,14.0,31.0,12.0,16.0,8.0,40.0,21.0,10.0,14.0,0.0,12.0,27.0,8.0,79.0,1.0
2021-01-25,4.0,9.0,86.0,7.0,29.0,31.0,14.0,48.0,9.0,4.0,26.0,20.0,25.0,14.0,11.0,7.0,8.0,112.0,23.0,16.0,17.0,14.0,49.0,39.0,9.0,54.0,5.0
2021-01-26,2.0,9.0,192.0,4.0,34.0,17.0,15.0,31.0,23.0,4.0,23.0,9.0,26.0,8.0,12.0,22.0,11.0,77.0,187.0,3.0,21.0,2.0,83.0,42.0,10.0,282.0,6.0
2021-01-27,2.0,9.0,136.0,4.0,32.0,43.0,3.0,30.0,26.0,5.0,216.0,23.0,24.0,12.0,11.0,29.0,8.0,68.0,187.0,4.0,18.0,6.0,69.0,23.0,9.0,332.0,7.0
2021-01-28,2.0,9.0,113.0,8.0,35.0,26.0,11.0,19.0,83.0,7.0,155.0,14.0,26.0,14.0,11.0,28.0,6.0,227.0,187.0,14.0,25.0,6.0,55.0,36.0,5.0,311.0,5.0
2021-01-29,1.0,9.0,120.0,9.0,34.0,16.0,14.0,24.0,53.0,9.0,120.0,13.0,26.0,40.0,11.0,25.0,6.0,44.0,146.0,2.0,24.0,7.0,48.0,34.0,6.0,241.0,5.0
2021-01-30,3.0,9.0,225.0,2.0,38.0,0.0,12.0,20.0,7.0,10.0,120.0,11.0,20.0,18.0,12.0,28.0,7.0,90.0,226.0,0.0,13.0,0.0,48.0,27.0,7.0,232.0,6.0
2021-01-31,3.0,9.0,99.0,0.0,38.0,12.0,9.0,18.0,-1.0,9.0,121.0,12.0,14.0,19.0,8.0,16.0,7.0,17.0,22.0,10.0,15.0,0.0,6.0,15.0,5.0,80.0,4.0
2021-02-01,6.0,8.0,149.0,5.0,39.0,9.0,10.0,30.0,13.0,11.0,34.0,16.0,25.0,14.0,12.0,16.0,7.0,18.0,37.0,12.0,15.0,1.0,46.0,23.0,8.0,56.0,5.0
2021-02-02,3.0,9.0,148.0,2.0,40.0,24.0,9.0,25.0,50.0,11.0,32.0,21.0,26.0,16.0,14.0,23.0,15.0,93.0,156.0,13.0,22.0,14.0,63.0,53.0,8.0,365.0,6.0
2021-02-03,3.0,8.0,150.0,3.0,40.0,46.0,9.0,16.0,50.0,11.0,189.0,14.0,34.0,10.0,14.0,12.0,5.0,49.0,168.0,8.0,12.0,9.0,48.0,29.0,7.0,249.0,5.0
2021-02-04,3.0,9.0,152.0,1.0,39.0,21.0,9.0,23.0,54.0,12.0,184.0,11.0,23.0,22.0,14.0,31.0,20.0,58.0,182.0,0.0,21.0,6.0,55.0,21.0,8.0,293.0,5.0
2021-02-05,2.0,8.0,99.0,4.0,39.0,26.0,9.0,25.0,32.0,12.0,168.0,16.0,26.0,45.0,13.0,22.0,8.0,69.0,191.0,0.0,12.0,10.0,48.0,24.0,9.0,327.0,7.0
2021-02-06,2.0,9.0,119.0,5.0,40.0,9.0,8.0,9.0,22.0,11.0,140.0,13.0,22.0,45.0,12.0,29.0,7.0,60.0,51.0,0.0,15.0,0.0,55.0,20.0,8.0,221.0,5.0
2021-02-07,2.0,8.0,69.0,0.0,39.0,0.0,10.0,9.0,1.0,10.0,123.0,12.0,23.0,17.0,11.0,13.0,4.0,11.0,1.0,20.0,5.0,0.0,11.0,14.0,1.0,69.0,6.0
2021-02-08,5.0,9.0,113.0,4.0,39.0,7.0,13.0,24.0,17.0,12.0,37.0,29.0,26.0,30.0,12.0,14.0,8.0,44.0,103.0,25.0,23.0,0.0,33.0,33.0,7.0,49.0,5.0
2021-02-09,7.0,8.0,169.0,3.0,40.0,33.0,10.0,24.0,42.0,11.0,23.0,17.0,21.0,10.0,13.0,38.0,10.0,116.0,92.0,8.0,22.0,28.0,87.0,44.0,8.0,424.0,7.0
2021-02-10,2.0,9.0,167.0,3.0,44.0,18.0,8.0,26.0,54.0,12.0,243.0,20.0,27.0,10.0,11.0,31.0,7.0,22.0,158.0,9.0,42.0,13.0,54.0,25.0,7.0,332.0,7.0
2021-02-11,5.0,8.0,167.0,4.0,47.0,71.0,11.0,24.0,80.0,11.0,172.0,10.0,19.0,50.0,16.0,20.0,10.0,44.0,184.0,11.0,22.0,25.0,75.0,24.0,6.0,323.0,3.0
2021-02-12,3.0,9.0,134.0,5.0,67.0,0.0,11.0,22.0,54.0,10.0,190.0,15.0,23.0,60.0,15.0,24.0,9.0,47.0,149.0,0.0,27.0,14.0,56.0,36.0,6.0,229.0,4.0
2021-02-13,7.0,8.0,66.0,4.0,64.0,81.0,9.0,21.0,6.0,10.0,165.0,15.0,22.0,15.0,17.0,23.0,7.0,67.0,100.0,0.0,2.0,0.0,55.0,30.0,8.0,220.0,4.0
2021-02-14,4.0,9.0,53.0,0.0,61.0,12.0,8.0,5.0,5.0,9.0,119.0,12.0,17.0,20.0,12.0,18.0,8.0,10.0,104.0,23.0,25.0,0.0,24.0,11.0,7.0,75.0,2.0
2021-02-15,10.0,8.0,120.0,4.0,63.0,2.0,9.0,23.0,61.0,10.0,8.0,18.0,22.0,45.0,13.0,15.0,11.0,27.0,25.0,3.0,24.0,19.0,8.0,19.0,5.0,38.0,1.0
2021-02-16,1.0,10.0,108.0,6.0,66.0,32.0,11.0,12.0,35.0,11.0,16.0,6.0,19.0,10.0,17.0,34.0,9.0,77.0,118.0,8.0,28.0,0.0,20.0,32.0,5.0,398.0,3.0
2021-02-17,8.0,10.0,81.0,4.0,64.0,0.0,10.0,33.0,71.0,12.0,206.0,12.0,40.0,13.0,16.0,33.0,12.0,60.0,71.0,13.0,25.0,29.0,72.0,26.0,7.0,258.0,3.0
2021-02-18,8.0,10.0,105.0,4.0,67.0,28.0,10.0,25.0,70.0,12.0,140.0,8.0,30.0,76.0,18.0,36.0,10.0,90.0,181.0,11.0,37.0,4.0,130.0,40.0,3.0,280.0,6.0
2021-02-19,3.0,10.0,73.0,1.0,65.0,26.0,10.0,23.0,64.0,15.0,193.0,12.0,20.0,103.0,22.0,24.0,6.0,69.0,163.0,2.0,44.0,9.0,57.0,47.0,5.0,259.0,6.0
2021-02-20,6.0,10.0,50.0,0.0,68.0,22.0,9.0,7.0,11.0,14.0,152.0,6.0,21.0,12.0,15.0,35.0,4.0,59.0,122.0,10.0,18.0,0.0,87.0,38.0,5.0,244.0,5.0
2021-02-21,6.0,9.0,53.0,0.0,63.0,24.0,10.0,12.0,10.0,12.0,120.0,20.0,10.0,44.0,13.0,10.0,7.0,22.0,6.0,38.0,5.0,0.0,18.0,32.0,3.0,56.0,4.0
2021-02-22,5.0,8.0,60.0,4.0,63.0,40.0,9.0,22.0,43.0,13.0,19.0,17.0,26.0,31.0,23.0,14.0,11.0,14.0,83.0,22.0,31.0,24.0,49.0,27.0,5.0,43.0,5.0
2021-02-23,5.0,9.0,51.0,2.0,66.0,64.0,9.0,25.0,52.0,13.0,41.0,5.0,43.0,30.0,25.0,24.0,14.0,137.0,147.0,21.0,24.0,13.0,112.0,56.0,7.0,357.0,6.0
2021-02-24,2.0,10.0,69.0,4.0,68.0,32.0,16.0,17.0,48.0,15.0,200.0,24.0,22.0,52.0,15.0,24.0,15.0,65.0,171.0,14.0,42.0,9.0,97.0,70.0,9.0,329.0,7.0
2021-02-25,7.0,10.0,86.0,4.0,100.0,80.0,14.0,22.0,21.0,17.0,161.0,23.0,31.0,84.0,14.0,15.0,16.0,109.0,197.0,10.0,14.0,9.0,120.0,51.0,10.0,345.0,6.0
2021-02-26,4.0,10.0,56.0,1.0,137.0,75.0,14.0,26.0,48.0,18.0,141.0,13.0,22.0,58.0,18.0,19.0,21.0,72.0,138.0,0.0,16.0,8.0,77.0,77.0,7.0,256.0,8.0
2021-02-27,10.0,10.0,47.0,3.0,104.0,21.0,12.0,9.0,17.0,20.0,155.0,13.0,17.0,14.0,20.0,29.0,9.0,96.0,126.0,0.0,15.0,0.0,117.0,72.0,8.0,299.0,9.0
2021-02-28,2.0,10.0,29.0,1.0,90.0,8.0,7.0,8.0,3.0,20.0,134.0,11.0,20.0,52.0,25.0,22.0,17.0,34.0,45.0,46.0,18.0,0.0,49.0,44.0,6.0,65.0,6.0
2021-03-01,14.0,11.0,78.0,2.0,95.0,45.0,27.0,27.0,25.0,22.0,33.0,20.0,26.0,32.0,30.0,11.0,13.0,17.0,13.0,28.0,20.0,14.0,78.0,80.0,8.0,53.0,7.0
2021-03-02,8.0,12.0,74.0,2.0,114.0,15.0,22.0,25.0,133.0,21.0,47.0,24.0,32.0,34.0,32.0,23.0,22.0,180.0,83.0,14.0,46.0,3.0,184.0,86.0,7.0,468.0,10.0
2021-03-03,10.0,12.0,75.0,2.0,112.0,84.0,13.0,19.0,35.0,32.0,227.0,19.0,40.0,48.0,0.0,38.0,15.0,116.0,186.0,25.0,28.0,26.0,179.0,94.0,8.0,367.0,8.0
2021-03-04,7.0,13.0,85.0,6.0,111.0,122.0,18.0,23.0,118.0,35.0,160.0,23.0,37.0,62.0,54.0,22.0,23.0,106.0,104.0,35.0,47.0,17.0,188.0,91.0,9.0,313.0,8.0
2021-03-05,10.0,13.0,57.0,4.0,102.0,88.0,15.0,27.0,50.0,39.0,172.0,15.0,27.0,56.0,0.0,29.0,22.0,108.0,141.0,0.0,49.0,7.0,167.0,107.0,10.0,370.0,9.0
2021-03-06,7.0,13.0,11.0,0.0,95.0,43.0,17.0,12.0,22.0,38.0,155.0,13.0,25.0,55.0,44.0,34.0,13.0,148.0,105.0,0.0,27.0,0.0,182.0,78.0,10.0,353.0,10.0
2021-03-07,9.0,14.0,22.0,0.0,82.0,35.0,12.0,14.0,33.0,36.0,164.0,25.0,23.0,38.0,23.0,20.0,25.0,247.0,5.0,41.0,15.0,0.0,79.0,70.0,10.0,46.0,10.0
2021-03-08,3.0,15.0,26.0,5.0,102.0,81.0,17.0,24.0,76.0,34.0,25.0,22.0,69.0,40.0,32.0,34.0,19.0,19.0,12.0,29.0,66.0,24.0,113.0,98.0,9.0,121.0,7.0
2021-03-09,5.0,16.0,53.0,3.0,103.0,108.0,23.0,34.0,0.0,35.0,57.0,25.0,45.0,76.0,36.0,17.0,20.0,206.0,95.0,29.0,32.0,12.0,275.0,108.0,11.0,517.0,10.0
2021-03-10,12.0,16.0,47.0,3.0,111.0,105.0,25.0,32.0,271.0,35.0,219.0,21.0,43.0,87.0,50.0,22.0,21.0,244.0,69.0,23.0,60.0,13.0,250.0,107.0,14.0,469.0,12.0
2021-03-11,11.0,16.0,43.0,2.0,115.0,102.0,21.0,18.0,120.0,34.0,263.0,26.0,49.0,73.0,35.0,23.0,32.0,99.0,190.0,28.0,38.0,10.0,276.0,100.0,15.0,440.0,16.0
2021-03-12,12.0,16.0,51.0,8.0,101.0,59.0,34.0,31.0,105.0,27.0,213.0,21.0,69.0,46.0,33.0,49.0,29.0,176.0,127.0,0.0,35.0,6.0,191.0,125.0,16.0,521.0,21.0
2021-03-13,10.0,16.0,34.0,4.0,97.0,64.0,15.0,17.0,39.0,29.0,206.0,30.0,39.0,39.0,31.0,39.0,17.0,157.0,94.0,34.0,33.0,0.0,331.0,113.0,17.0,434.0,20.0
2021-03-14,6.0,16.0,23.0,0.0,80.0,35.0,19.0,12.0,34.0,14.0,144.0,14.0,40.0,45.0,37.0,26.0,24.0,93.0,25.0,18.0,21.0,0.0,72.0,80.0,18.0,158.0,17.0
2021-03-15,7.0,18.0,34.0,6.0,102.0,81.0,29.0,26.0,141.0,22.0,37.0,39.0,86.0,53.0,59.0,28.0,27.0,41.0,1.0,51.0,48.0,18.0,148.0,96.0,18.0,100.0,18.0
2021-03-16,11.0,18.0,50.0,8.0,118.0,111.0,31.0,37.0,163.0,32.0,28.0,42.0,62.0,72.0,44.0,60.0,23.0,310.0,115.0,66.0,49.0,11.0,501.0,167.0,22.0,679.0,20.0
2021-03-17,4.0,20.0,49.0,6.0,130.0,119.0,30.0,36.0,91.0,31.0,314.0,31.0,56.0,135.0,44.0,39.0,23.0,262.0,141.0,0.0,55.0,8.0,213.0,163.0,24.0,617.0,20.0
2021-03-18,12.0,20.0,36.0,5.0,153.0,119.0,68.0,30.0,180.0,35.0,274.0,35.0,67.0,48.0,43.0,53.0,20.0,191.0,109.0,61.0,34.0,5.0,298.0,126.0,23.0,659.0,20.0
2021-03-19,12.0,20.0,35.0,10.0,143.0,95.0,47.0,39.0,78.0,37.0,237.0,24.0,55.0,60.0,44.0,51.0,38.0,269.0,135.0,0.0,36.0,7.0,390.0,134.0,24.0,620.0,16.0
2021-03-20,8.0,22.0,32.0,6.0,115.0,28.0,34.0,19.0,95.0,38.0,224.0,27.0,71.0,54.0,45.0,24.0,23.0,182.0,187.0,30.0,53.0,0.0,307.0,90.0,23.0,616.0,15.0
2021-03-21,5.0,22.0,16.0,0.0,99.0,43.0,27.0,21.0,35.0,12.0,243.0,28.0,46.0,41.0,31.0,23.0,-84.0,53.0,114.0,51.0,35.0,0.0,55.0,68.0,19.0,144.0,15.0
2021-03-22,9.0,20.0,27.0,11.0,125.0,0.0,59.0,53.0,170.0,30.0,48.0,41.0,125.0,62.0,29.0,37.0,134.0,76.0,49.0,41.0,50.0,9.0,288.0,112.0,22.0,44.0,17.0
2021-03-23,11.0,20.0,18.0,10.0,133.0,178.0,62.0,72.0,65.0,39.0,68.0,20.0,95.0,72.0,41.0,64.0,19.0,312.0,151.0,45.0,50.0,11.0,342.0,182.0,24.0,1021.0,22.0
2021-03-24,9.0,20.0,24.0,10.0,135.0,249.0,50.0,57.0,54.0,39.0,374.0,60.0,62.0,40.0,41.0,45.0,49.0,173.0,42.0,60.0,54.0,2.0,249.0,88.0,25.0,281.0,25.0
2021-03-25,7.0,23.0,33.0,5.0,139.0,16.0,57.0,51.0,221.0,39.0,74.0,70.0,73.0,100.0,50.0,46.0,31.0,296.0,190.0,46.0,45.0,15.0,193.0,187.0,21.0,599.0,27.0
2021-03-26,7.0,23.0,24.0,7.0,155.0,0.0,64.0,60.0,184.0,39.0,316.0,33.0,87.0,81.0,48.0,62.0,17.0,189.0,195.0,6.0,49.0,2.0,408.0,210.0,21.0,1193.0,30.0
2021-03-27,5.0,23.0,22.0,3.0,100.0,251.0,43.0,28.0,72.0,34.0,479.0,45.0,50.0,60.0,57.0,60.0,29.0,185.0,268.0,19.0,41.0,0.0,331.0,101.0,22.0,1051.0,30.0
2021-03-28,5.0,22.0,13.0,0.0,74.0,32.0,40.0,29.0,18.0,39.0,321.0,41.0,65.0,61.0,43.0,31.0,32.0,66.0,83.0,48.0,24.0,0.0,143.0,63.0,21.0,244.0,12.0
2021-03-29,6.0,22.0,22.0,11.0,90.0,128.0,61.0,89.0,204.0,42.0,101.0,56.0,115.0,62.0,49.0,38.0,38.0,100.0,40.0,47.0,56.0,0.0,197.0,112.0,24.0,292.0,23.0
2021-03-30,13.0,22.0,23.0,13.0,120.0,143.0,94.0,72.0,175.0,40.0,127.0,57.0,90.0,51.0,70.0,74.0,38.0,231.0,283.0,33.0,39.0,21.0,412.0,158.0,22.0,1209.0,25.0
2021-03-31,9.0,21.0,18.0,10.0,160.0,282.0,117.0,61.0,184.0,39.0,417.0,57.0,100.0,77.0,73.0,57.0,37.0,196.0,295.0,7.0,58.0,5.0,304.0,133.0,23.0,1160.0,25.0
2021-04-01,7.0,22.0,16.0,9.0,142.0,119.0,121.0,58.0,14.0,38.0,396.0,42.0,91.0,116.0,47.0,74.0,40.0,224.0,387.0,40.0,53.0,6.0,327.0,138.0,24.0,1082.0,22.0
2021-04-02,11.0,22.0,17.0,7.0,127.0,37.0,57.0,46.0,90.0,41.0,486.0,48.0,83.0,74.0,29.0,46.0,31.0,242.0,104.0,28.0,37.0,0.0,171.0,102.0,25.0,818.0,22.0
2021-04-03,4.0,22.0,13.0,5.0,61.0,54.0,28.0,35.0,13.0,42.0,320.0,57.0,77.0,34.0,46.0,54.0,28.0,74.0,411.0,13.0,26.0,0.0,202.0,64.0,22.0,198.0,6.0
2021-04-04,7.0,23.0,11.0,0.0,50.0,48.0,53.0,33.0,21.0,45.0,120.0,32.0,73.0,51.0,40.0,28.0,28.0,42.0,58.0,47.0,19.0,0.0,63.0,54.0,20.0,270.0,6.0
2021-04-05,7.0,22.0,35.0,11.0,86.0,285.0,78.0,95.0,230.0,42.0,59.0,58.0,128.0,47.0,43.0,44.0,30.0,106.0,6.0,69.0,49.0,10.0,101.0,81.0,25.0,145.0,20.0
2021-04-06,8.0,23.0,29.0,12.0,122.0,192.0,83.0,110.0,161.0,43.0,82.0,59.0,107.0,55.0,52.0,58.0,43.0,280.0,347.0,76.0,41.0,5.0,418.0,224.0,25.0,1389.0,24.0
2021-04-07,12.0,22.0,41.0,10.0,189.0,0.0,83.0,70.0,234.0,48.0,508.0,87.0,112.0,95.0,49.0,62.0,38.0,433.0,242.0,21.0,51.0,17.0,243.0,65.0,26.0,889.0,24.0
2021-04-08,7.0,22.0,25.0,15.0,125.0,182.0,77.0,69.0,132.0,47.0,492.0,52.0,57.0,87.0,35.0,82.0,46.0,374.0,375.0,29.0,45.0,3.0,277.0,146.0,25.0,1299.0,23.0
2021-04-09,9.0,24.0,24.0,10.0,115.0,346.0,67.0,68.0,93.0,49.0,455.0,52.0,84.0,81.0,33.0,63.0,37.0,311.0,381.0,0.0,31.0,6.0,241.0,115.0,26.0,1008.0,23.0
2021-04-10,5.0,24.0,19.0,5.0,98.0,15.0,33.0,48.0,65.0,47.0,368.0,49.0,43.0,57.0,39.0,58.0,31.0,190.0,260.0,13.0,30.0,0.0,85.0,92.0,25.0,657.0,21.0
2021-04-11,4.0,22.0,12.0,4.0,71.0,51.0,45.0,35.0,19.0,45.0,386.0,37.0,45.0,51.0,19.0,59.0,36.0,83.0,125.0,62.0,23.0,0.0,17.0,50.0,26.0,510.0,21.0
2021-04-12,10.0,24.0,14.0,12.0,95.0,55.0,86.0,49.0,256.0,44.0,86.0,33.0,104.0,77.0,58.0,34.0,57.0,83.0,21.0,1.0,21.0,15.0,166.0,83.0,26.0,181.0,20.0
2021-04-13,14.0,24.0,23.0,17.0,102.0,117.0,66.0,94.0,116.0,46.0,62.0,65.0,92.0,115.0,40.0,68.0,47.0,372.0,347.0,75.0,45.0,9.0,341.0,132.0,26.0,1282.0,20.0
2021-04-14,7.0,24.0,25.0,13.0,146.0,0.0,66.0,102.0,151.0,44.0,484.0,50.0,94.0,112.0,42.0,83.0,26.0,184.0,300.0,36.0,52.0,5.0,177.0,82.0,27.0,1095.0,18.0
2021-04-15,9.0,24.0,18.0,14.0,141.0,0.0,77.0,95.0,154.0,46.0,469.0,44.0,72.0,80.0,31.0,63.0,34.0,271.0,338.0,26.0,38.0,13.0,233.0,96.0,27.0,1060.0,18.0
2021-04-16,12.0,23.0,15.0,10.0,134.0,425.0,76.0,80.0,105.0,46.0,433.0,57.0,60.0,116.0,40.0,51.0,38.0,196.0,287.0,9.0,33.0,10.0,179.0,71.0,27.0,791.0,12.0
2021-04-17,10.0,23.0,10.0,8.0,94.0,133.0,47.0,49.0,100.0,41.0,402.0,37.0,34.0,115.0,27.0,77.0,27.0,115.0,446.0,13.0,51.0,0.0,144.0,61.0,26.0,771.0,17.0
2021-04-18,13.0,24.0,9.0,3.0,75.0,27.0,38.0,37.0,11.0,42.0,369.0,31.0,53.0,34.0,30.0,33.0,22.0,52.0,148.0,59.0,13.0,0.0,71.0,41.0,26.0,253.0,8.0
2021-04-19,15.0,23.0,25.0,10.0,68.0,72.0,74.0,103.0,232.0,41.0,88.0,58.0,84.0,119.0,34.0,36.0,22.0,75.0,108.0,30.0,53.0,6.0,79.0,82.0,27.0,178.0,14.0
2021-04-20,12.0,23.0,35.0,6.0,85.0,145.0,60.0,116.0,176.0,44.0,129.0,53.0,65.0,146.0,42.0,69.0,28.0,204.0,327.0,0.0,60.0,15.0,244.0,96.0,27.0,1122.0,18.0
2021-04-21,4.0,20.0,23.0,5.0,118.0,141.0,44.0,23.0,81.0,40.0,468.0,39.0,63.0,98.0,29.0,63.0,28.0,181.0,365.0,66.0,25.0,0.0,175.0,82.0,25.0,977.0,14.0
2021-04-22,9.0,20.0,20.0,9.0,113.0,83.0,52.0,96.0,71.0,41.0,392.0,48.0,80.0,91.0,27.0,45.0,28.0,150.0,252.0,32.0,28.0,6.0,62.0,74.0,27.0,183.0,12.0
2021-04-23,7.0,20.0,20.0,5.0,117.0,271.0,54.0,81.0,200.0,31.0,108.0,39.0,55.0,88.0,31.0,99.0,33.0,240.0,272.0,16.0,32.0,0.0,223.0,98.0,27.0,863.0,12.0
2021-04-24,11.0,22.0,12.0,3.0,104.0,17.0,40.0,32.0,29.0,31.0,493.0,53.0,32.0,62.0,22.0,46.0,36.0,282.0,223.0,13.0,41.0,0.0,177.0,71.0,27.0,875.0,12.0
2021-04-25,4.0,21.0,11.0,2.0,95.0,31.0,35.0,41.0,45.0,5.0,331.0,28.0,37.0,68.0,19.0,70.0,30.0,83.0,57.0,59.0,8.0,0.0,44.0,34.0,22.0,145.0,9.0
2021-04-26,8.0,21.0,11.0,10.0,84.0,33.0,59.0,85.0,168.0,30.0,96.0,39.0,80.0,92.0,28.0,47.0,35.0,86.0,13.0,31.0,28.0,22.0,70.0,71.0,28.0,105.0,0.0
2021-04-27,12.0,21.0,34.0,7.0,107.0,150.0,41.0,70.0,137.0,35.0,83.0,63.0,52.0,130.0,46.0,75.0,26.0,153.0,361.0,33.0,33.0,0.0,192.0,111.0,27.0,1044.0,36.0
2021-04-28,17.0,21.0,25.0,5.0,104.0,102.0,49.0,77.0,32.0,35.0,488.0,42.0,64.0,90.0,31.0,106.0,21.0,210.0,330.0,45.0,16.0,9.0,147.0,88.0,26.0,814.0,20.0
2021-04-29,8.0,20.0,28.0,7.0,93.0,138.0,43.0,61.0,121.0,38.0,416.0,32.0,33.0,97.0,21.0,99.0,34.0,216.0,347.0,16.0,18.0,5.0,148.0,72.0,28.0,876.0,17.0
2021-04-30,4.0,20.0,12.0,7.0,86.0,295.0,37.0,66.0,84.0,39.0,298.0,41.0,49.0,102.0,22.0,71.0,23.0,168.0,441.0,0.0,20.0,5.0,198.0,73.0,28.0,659.0,13.0
2021-05-01,5.0,20.0,9.0,6.0,84.0,54.0,28.0,12.0,39.0,35.0,337.0,23.0,27.0,42.0,23.0,90.0,30.0,160.0,213.0,0.0,18.0,0.0,135.0,58.0,28.0,750.0,14.0
2021-05-02,12.0,18.0,5.0,1.0,80.0,32.0,29.0,15.0,35.0,20.0,253.0,30.0,35.0,38.0,25.0,52.0,28.0,54.0,216.0,65.0,7.0,0.0,22.0,36.0,27.0,117.0,14.0
2021-05-03,6.0,17.0,17.0,11.0,89.0,45.0,28.0,71.0,130.0,35.0,24.0,40.0,61.0,41.0,28.0,26.0,21.0,63.0,62.0,23.0,27.0,1.0,57.0,46.0,28.0,114.0,14.0
2021-05-04,3.0,18.0,20.0,5.0,82.0,254.0,43.0,60.0,19.0,37.0,83.0,46.0,47.0,122.0,40.0,73.0,32.0,317.0,335.0,33.0,36.0,15.0,252.0,117.0,27.0,849.0,14.0
2021-05-05,8.0,18.0,13.0,4.0,85.0,69.0,52.0,52.0,172.0,35.0,441.0,39.0,41.0,65.0,27.0,54.0,25.0,258.0,349.0,19.0,14.0,4.0,127.0,68.0,28.0,689.0,15.0
2021-05-06,5.0,18.0,16.0,3.0,83.0,98.0,48.0,57.0,46.0,35.0,328.0,24.0,53.0,62.0,25.0,52.0,36.0,244.0,333.0,20.0,16.0,1.0,124.0,72.0,29.0,696.0,12.0
2021-05-07,7.0,18.0,9.0,5.0,91.0,164.0,30.0,44.0,51.0,30.0,259.0,29.0,34.0,58.0,32.0,49.0,28.0,130.0,257.0,0.0,30.0,12.0,139.0,61.0,28.0,583.0,8.0
2021-05-08,10.0,17.0,8.0,2.0,94.0,88.0,31.0,28.0,40.0,23.0,326.0,38.0,44.0,29.0,22.0,57.0,27.0,154.0,203.0,0.0,10.0,0.0,94.0,41.0,29.0,660.0,7.0
2021-05-09,4.0,17.0,4.0,2.0,74.0,21.0,26.0,11.0,7.0,6.0,261.0,16.0,29.0,19.0,21.0,27.0,25.0,14.0,53.0,36.0,14.0,0.0,32.0,23.0,28.0,150.0,2.0
2021-05-10,7.0,16.0,18.0,9.0,81.0,46.0,37.0,89.0,107.0,21.0,51.0,25.0,68.0,52.0,16.0,32.0,21.0,134.0,15.0,46.0,30.0,3.0,57.0,39.0,28.0,55.0,7.0
2021-05-11,3.0,16.0,12.0,4.0,91.0,14.0,34.0,50.0,58.0,30.0,60.0,37.0,32.0,64.0,32.0,89.0,26.0,68.0,328.0,39.0,24.0,10.0,186.0,90.0,29.0,806.0,14.0
2021-05-12,2.0,16.0,17.0,6.0,92.0,165.0,33.0,57.0,135.0,29.0,373.0,17.0,36.0,104.0,35.0,80.0,24.0,81.0,282.0,31.0,23.0,5.0,142.0,58.0,29.0,696.0,13.0
2021-05-13,6.0,17.0,17.0,5.0,121.0,152.0,34.0,41.0,88.0,32.0,258.0,40.0,42.0,49.0,28.0,79.0,22.0,111.0,303.0,14.0,22.0,4.0,124.0,51.0,28.0,578.0,11.0
2021-05-14,1.0,16.0,16.0,4.0,115.0,80.0,24.0,53.0,102.0,30.0,252.0,31.0,32.0,58.0,28.0,43.0,27.0,145.0,344.0,-14.0,23.0,3.0,108.0,57.0,29.0,559.0,7.0
2021-05-15,4.0,16.0,16.0,4.0,92.0,91.0,23.0,16.0,10.0,17.0,278.0,8.0,24.0,61.0,23.0,65.0,19.0,267.0,252.0,0.0,18.0,0.0,107.0,52.0,27.0,502.0,9.0
2021-05-16,2.0,15.0,7.0,1.0,63.0,31.0,19.0,17.0,7.0,9.0,225.0,28.0,37.0,14.0,18.0,43.0,22.0,73.0,55.0,64.0,13.0,0.0,28.0,31.0,22.0,224.0,7.0
2021-05-17,6.0,15.0,24.0,7.0,78.0,129.0,28.0,74.0,133.0,27.0,49.0,50.0,44.0,55.0,29.0,31.0,19.0,32.0,18.0,32.0,13.0,8.0,39.0,31.0,28.0,76.0,10.0
2021-05-18,5.0,15.0,24.0,6.0,82.0,100.0,21.0,57.0,49.0,31.0,60.0,30.0,45.0,64.0,27.0,68.0,121.0,155.0,289.0,23.0,26.0,5.0,177.0,119.0,28.0,810.0,14.0
2021-05-19,6.0,15.0,14.0,7.0,77.0,93.0,33.0,43.0,73.0,31.0,310.0,40.0,39.0,35.0,27.0,79.0,20.0,202.0,349.0,33.0,18.0,5.0,130.0,37.0,28.0,747.0,9.0
2021-05-20,1.0,16.0,10.0,10.0,74.0,229.0,23.0,49.0,126.0,32.0,295.0,32.0,47.0,63.0,34.0,65.0,21.0,144.0,374.0,27.0,20.0,5.0,136.0,58.0,29.0,585.0,6.0
2021-05-21,0.0,17.0,9.0,9.0,75.0,98.0,20.0,42.0,44.0,31.0,327.0,48.0,38.0,34.0,34.0,66.0,19.0,172.0,214.0,0.0,24.0,8.0,119.0,63.0,28.0,580.0,7.0
2021-05-22,1.0,18.0,3.0,2.0,83.0,45.0,8.0,29.0,15.0,24.0,329.0,31.0,13.0,21.0,32.0,67.0,25.0,106.0,188.0,0.0,15.0,0.0,113.0,47.0,28.0,480.0,3.0
2021-05-23,2.0,18.0,5.0,1.0,65.0,28.0,16.0,21.0,32.0,20.0,208.0,31.0,29.0,31.0,18.0,40.0,25.0,25.0,77.0,0.0,7.0,0.0,20.0,33.0,15.0,117.0,5.0
2021-05-24,7.0,18.0,5.0,6.0,71.0,9.0,17.0,77.0,69.0,23.0,42.0,51.0,31.0,40.0,28.0,28.0,18.0,57.0,24.0,5.0,25.0,8.0,49.0,51.0,25.0,63.0,15.0
2021-05-25,7.0,18.0,10.0,3.0,107.0,106.0,31.0,26.0,94.0,35.0,48.0,29.0,31.0,63.0,36.0,72.0,23.0,101.0,133.0,19.0,20.0,2.0,156.0,73.0,26.0,898.0,17.0
2021-05-26,3.0,18.0,8.0,7.0,120.0,184.0,23.0,36.0,131.0,36.0,364.0,55.0,31.0,52.0,36.0,59.0,16.0,113.0,227.0,28.0,19.0,0.0,132.0,60.0,27.0,666.0,12.0
2021-05-27,0.0,18.0,8.0,10.0,130.0,66.0,32.0,33.0,0.0,35.0,244.0,56.0,41.0,28.0,36.0,71.0,19.0,189.0,226.0,28.0,5.0,0.0,112.0,67.0,24.0,609.0,14.0
2021-05-28,3.0,18.0,15.0,2.0,115.0,119.0,31.0,25.0,122.0,38.0,242.0,58.0,40.0,31.0,33.0,62.0,25.0,202.0,249.0,12.0,26.0,23.0,122.0,69.0,28.0,703.0,13.0
2021-05-29,2.0,18.0,6.0,3.0,103.0,117.0,21.0,5.0,9.0,37.0,236.0,50.0,28.0,19.0,28.0,85.0,18.0,202.0,176.0,10.0,14.0,0.0,115.0,32.0,22.0,570.0,15.0
2021-05-30,2.0,19.0,6.0,2.0,86.0,1.0,21.0,13.0,10.0,18.0,190.0,24.0,26.0,7.0,28.0,65.0,21.0,29.0,24.0,17.0,6.0,0.0,53.0,37.0,17.0,181.0,10.0
2021-05-31,3.0,17.0,7.0,6.0,81.0,33.0,28.0,71.0,130.0,22.0,45.0,52.0,43.0,19.0,27.0,55.0,25.0,22.0,10.0,33.0,32.0,4.0,34.0,65.0,20.0,70.0,12.0
2021-06-01,7.0,17.0,11.0,6.0,88.0,113.0,22.0,40.0,32.0,20.0,59.0,50.0,38.0,54.0,31.0,78.0,25.0,210.0,256.0,40.0,19.0,6.0,162.0,78.0,23.0,836.0,13.0
2021-06-02,7.0,17.0,13.0,6.0,93.0,133.0,28.0,37.0,121.0,30.0,324.0,59.0,53.0,50.0,32.0,73.0,21.0,164.0,256.0,27.0,15.0,4.0,130.0,63.0,24.0,717.0,11.0
2021-06-03,4.0,17.0,7.0,4.0,90.0,114.0,20.0,10.0,0.0,26.0,290.0,56.0,21.0,19.0,30.0,84.0,21.0,121.0,224.0,29.0,10.0,0.0,125.0,44.0,22.0,514.0,12.0
2021-06-04,2.0,18.0,26.0,4.0,97.0,17.0,26.0,29.0,102.0,32.0,248.0,40.0,47.0,33.0,26.0,52.0,23.0,49.0,99.0,15.0,16.0,2.0,54.0,67.0,20.0,33.0,11.0
2021-06-05,4.0,19.0,8.0,2.0,98.0,52.0,24.0,29.0,38.0,27.0,61.0,50.0,36.0,26.0,29.0,94.0,22.0,53.0,89.0,15.0,4.0,0.0,102.0,44.0,20.0,718.0,8.0
2021-06-06,4.0,20.0,4.0,1.0,42.0,11.0,10.0,15.0,7.0,26.0,131.0,63.0,24.0,19.0,29.0,49.0,27.0,50.0,24.0,20.0,1.0,0.0,30.0,33.0,20.0,212.0,9.0
2021-06-07,2.0,21.0,9.0,8.0,80.0,26.0,26.0,47.0,137.0,30.0,63.0,25.0,44.0,40.0,34.0,65.0,25.0,100.0,8.0,32.0,12.0,10.0,71.0,58.0,26.0,138.0,12.0
2021-06-08,5.0,21.0,23.0,6.0,110.0,409.0,18.0,36.0,0.0,34.0,47.0,58.0,43.0,50.0,37.0,111.0,0.0,181.0,325.0,36.0,0.0,1.0,216.0,84.0,24.0,767.0,6.0
2021-06-09,0.0,21.0,17.0,8.0,125.0,0.0,24.0,29.0,146.0,35.0,280.0,52.0,51.0,50.0,37.0,81.0,43.0,191.0,229.0,42.0,43.0,10.0,136.0,51.0,25.0,651.0,15.0
2021-06-10,2.0,21.0,16.0,4.0,130.0,30.0,30.0,17.0,135.0,34.0,319.0,46.0,27.0,56.0,46.0,65.0,20.0,246.0,277.0,16.0,16.0,5.0,133.0,45.0,24.0,733.0,12.0
2021-06-11,2.0,21.0,10.0,6.0,127.0,0.0,25.0,33.0,44.0,38.0,270.0,73.0,36.0,26.0,55.0,87.0,19.0,135.0,267.0,19.0,10.0,2.0,133.0,52.0,25.0,651.0,11.0
2021-06-12,6.0,20.0,7.0,5.0,104.0,0.0,14.0,12.0,52.0,39.0,283.0,38.0,24.0,13.0,37.0,79.0,24.0,165.0,289.0,12.0,6.0,0.0,129.0,42.0,21.0,543.0,10.0
2021-06-13,5.0,18.0,4.0,6.0,88.0,0.0,18.0,11.0,13.0,33.0,252.0,40.0,27.0,13.0,33.0,48.0,18.0,49.0,71.0,21.0,6.0,0.0,59.0,27.0,16.0,234.0,10.0
2021-06-14,7.0,18.0,9.0,7.0,88.0,81.0,21.0,30.0,131.0,23.0,30.0,52.0,49.0,33.0,30.0,32.0,25.0,73.0,17.0,35.0,28.0,1.0,29.0,42.0,24.0,92.0,13.0
2021-06-15,2.0,18.0,13.0,9.0,102.0,239.0,18.0,20.0,87.0,28.0,52.0,67.0,43.0,47.0,39.0,72.0,18.0,340.0,227.0,9.0,17.0,8.0,201.0,76.0,24.0,897.0,12.0
2021-06-16,2.0,18.0,20.0,6.0,119.0,177.0,22.0,25.0,99.0,24.0,353.0,35.0,40.0,40.0,40.0,58.0,25.0,299.0,234.0,36.0,16.0,4.0,130.0,54.0,24.0,795.0,7.0
2021-06-17,2.0,18.0,15.0,6.0,84.0,25.0,21.0,18.0,72.0,30.0,255.0,48.0,35.0,56.0,32.0,79.0,22.0,330.0,274.0,10.0,24.0,8.0,131.0,42.0,25.0,619.0,11.0
2021-06-18,3.0,20.0,12.0,2.0,102.0,66.0,14.0,28.0,97.0,32.0,254.0,48.0,24.0,35.0,0.0,70.0,20.0,497.0,173.0,8.0,17.0,4.0,113.0,61.0,25.0,714.0,12.0
2021-06-19,1.0,20.0,5.0,1.0,96.0,76.0,20.0,5.0,14.0,35.0,279.0,38.0,27.0,6.0,79.0,77.0,22.0,301.0,219.0,21.0,9.0,0.0,96.0,46.0,24.0,722.0,13.0
2021-06-20,1.0,20.0,6.0,1.0,73.0,37.0,23.0,11.0,15.0,33.0,189.0,21.0,29.0,19.0,33.0,38.0,25.0,21.0,108.0,23.0,3.0,0.0,29.0,43.0,21.0,200.0,9.0
2021-06-21,2.0,21.0,6.0,9.0,77.0,81.0,19.0,29.0,136.0,30.0,47.0,38.0,47.0,37.0,30.0,27.0,20.0,42.0,17.0,25.0,12.0,9.0,49.0,46.0,14.0,98.0,13.0
2021-06-22,2.0,21.0,15.0,4.0,100.0,85.0,16.0,18.0,79.0,22.0,40.0,51.0,41.0,52.0,22.0,62.0,25.0,110.0,185.0,17.0,27.0,3.0,155.0,62.0,21.0,843.0,15.0
2021-06-23,0.0,21.0,5.0,4.0,113.0,19.0,17.0,23.0,76.0,40.0,413.0,38.0,44.0,26.0,20.0,64.0,26.0,119.0,210.0,27.0,0.0,7.0,144.0,60.0,21.0,724.0,14.0
2021-06-24,1.0,21.0,3.0,6.0,104.0,39.0,12.0,19.0,82.0,37.0,209.0,40.0,30.0,37.0,26.0,56.0,22.0,71.0,186.0,22.0,23.0,4.0,124.0,59.0,13.0,781.0,11.0
2021-06-25,1.0,21.0,15.0,3.0,89.0,48.0,14.0,19.0,100.0,41.0,253.0,51.0,33.0,29.0,20.0,24.0,21.0,43.0,159.0,11.0,13.0,4.0,127.0,73.0,17.0,772.0,7.0
2021-06-26,0.0,21.0,3.0,2.0,49.0,68.0,12.0,18.0,17.0,27.0,220.0,45.0,36.0,17.0,23.0,39.0,20.0,57.0,146.0,5.0,7.0,0.0,77.0,45.0,12.0,538.0,13.0
2021-06-27,0.0,21.0,4.0,2.0,30.0,22.0,9.0,11.0,21.0,16.0,170.0,34.0,31.0,14.0,16.0,25.0,23.0,7.0,28.0,10.0,1.0,0.0,40.0,33.0,6.0,134.0,13.0
2021-06-28,0.0,20.0,11.0,8.0,78.0,12.0,13.0,25.0,92.0,30.0,36.0,30.0,38.0,24.0,23.0,28.0,20.0,6.0,14.0,16.0,16.0,0.0,41.0,46.0,12.0,62.0,13.0
2021-06-29,2.0,19.0,17.0,1.0,89.0,100.0,26.0,22.0,97.0,31.0,37.0,51.0,31.0,25.0,25.0,61.0,23.0,59.0,142.0,20.0,2.0,14.0,122.0,72.0,17.0,825.0,8.0
2021-06-30,0.0,20.0,14.0,2.0,106.0,49.0,19.0,15.0,71.0,20.0,281.0,27.0,26.0,22.0,20.0,45.0,27.0,201.0,133.0,29.0,5.0,2.0,118.0,37.0,17.0,744.0,14.0
2021-07-01,3.0,20.0,7.0,3.0,93.0,24.0,13.0,23.0,21.0,22.0,217.0,38.0,29.0,50.0,22.0,35.0,8.0,232.0,233.0,10.0,13.0,3.0,99.0,47.0,16.0,641.0,10.0
2021-07-02,1.0,19.0,10.0,4.0,82.0,65.0,12.0,18.0,86.0,33.0,195.0,33.0,36.0,35.0,26.0,46.0,7.0,185.0,173.0,11.0,21.0,6.0,98.0,46.0,18.0,599.0,11.0
2021-07-03,4.0,20.0,7.0,2.0,48.0,52.0,13.0,5.0,46.0,29.0,229.0,29.0,32.0,3.0,16.0,75.0,9.0,197.0,135.0,8.0,2.0,0.0,91.0,33.0,11.0,532.0,8.0
2021-07-04,6.0,17.0,5.0,1.0,24.0,3.0,15.0,12.0,4.0,20.0,196.0,34.0,17.0,8.0,15.0,31.0,9.0,93.0,20.0,15.0,1.0,0.0,23.0,27.0,13.0,156.0,6.0
2021-07-05,5.0,17.0,7.0,7.0,53.0,6.0,8.0,24.0,71.0,17.0,41.0,35.0,43.0,37.0,18.0,36.0,5.0,111.0,8.0,12.0,40.0,7.0,52.0,50.0,9.0,66.0,4.0
2021-07-06,3.0,17.0,0.0,5.0,116.0,38.0,10.0,23.0,57.0,26.0,28.0,31.0,32.0,22.0,21.0,45.0,9.0,163.0,153.0,17.0,13.0,7.0,106.0,82.0,8.0,714.0,13.0
2021-07-07,1.0,17.0,6.0,4.0,67.0,58.0,9.0,19.0,1.0,35.0,230.0,31.0,33.0,27.0,17.0,26.0,5.0,151.0,129.0,9.0,8.0,0.0,109.0,30.0,6.0,546.0,11.0
2021-07-08,0.0,16.0,6.0,1.0,79.0,60.0,13.0,12.0,92.0,31.0,218.0,17.0,20.0,19.0,9.0,44.0,8.0,187.0,177.0,17.0,9.0,8.0,77.0,46.0,7.0,543.0,11.0
2021-07-09,3.0,16.0,6.0,3.0,96.0,99.0,13.0,19.0,31.0,26.0,160.0,28.0,15.0,9.0,17.0,45.0,5.0,181.0,61.0,2.0,14.0,0.0,89.0,30.0,8.0,482.0,14.0
2021-07-10,2.0,15.0,11.0,1.0,72.0,26.0,13.0,3.0,66.0,28.0,186.0,22.0,16.0,7.0,18.0,32.0,8.0,187.0,196.0,4.0,10.0,4.0,54.0,49.0,8.0,105.0,15.0
2021-07-11,0.0,16.0,4.0,0.0,28.0,0.0,9.0,8.0,7.0,5.0,160.0,8.0,18.0,1.0,9.0,10.0,9.0,68.0,53.0,13.0,0.0,3.0,20.0,17.0,9.0,75.0,14.0
2021-07-12,1.0,16.0,5.0,4.0,64.0,19.0,10.0,17.0,34.0,20.0,22.0,19.0,32.0,10.0,14.0,21.0,6.0,249.0,40.0,16.0,11.0,0.0,31.0,38.0,9.0,65.0,10.0
2021-07-13,3.0,16.0,11.0,3.0,76.0,43.0,18.0,14.0,81.0,18.0,27.0,31.0,30.0,35.0,7.0,35.0,6.0,248.0,99.0,17.0,9.0,12.0,107.0,54.0,9.0,640.0,10.0
2021-07-14,1.0,16.0,7.0,2.0,64.0,20.0,13.0,6.0,59.0,25.0,199.0,25.0,19.0,21.0,14.0,40.0,7.0,197.0,128.0,16.0,3.0,0.0,81.0,35.0,8.0,519.0,11.0
2021-07-15,3.0,16.0,8.0,1.0,69.0,76.0,14.0,13.0,82.0,23.0,163.0,18.0,18.0,23.0,12.0,29.0,5.0,177.0,177.0,18.0,6.0,7.0,65.0,29.0,9.0,537.0,11.0
2021-07-16,2.0,16.0,8.0,1.0,65.0,0.0,21.0,12.0,51.0,16.0,168.0,23.0,25.0,17.0,9.0,59.0,7.0,166.0,136.0,13.0,8.0,4.0,79.0,46.0,7.0,419.0,10.0
2021-07-17,0.0,16.0,8.0,2.0,58.0,10.0,12.0,5.0,21.0,12.0,191.0,27.0,13.0,9.0,15.0,10.0,9.0,177.0,134.0,5.0,1.0,2.0,44.0,26.0,4.0,448.0,12.0
2021-07-18,1.0,15.0,5.0,1.0,31.0,0.0,12.0,3.0,13.0,4.0,103.0,13.0,22.0,5.0,7.0,21.0,4.0,60.0,56.0,14.0,1.0,1.0,19.0,25.0,3.0,35.0,7.0
2021-07-19,2.0,15.0,9.0,3.0,53.0,31.0,12.0,27.0,96.0,12.0,13.0,32.0,37.0,30.0,13.0,17.0,10.0,73.0,7.0,12.0,1.0,4.0,27.0,28.0,4.0,97.0,4.0
2021-07-20,1.0,15.0,6.0,1.0,54.0,29.0,10.0,17.0,72.0,19.0,37.0,24.0,21.0,24.0,10.0,46.0,6.0,95.0,120.0,8.0,3.0,8.0,94.0,53.0,6.0,590.0,10.0
2021-07-21,11.0,14.0,4.0,3.0,53.0,25.0,8.0,14.0,24.0,28.0,208.0,30.0,26.0,31.0,11.0,56.0,4.0,84.0,151.0,5.0,12.0,3.0,68.0,27.0,6.0,483.0,11.0
2021-07-22,2.0,13.0,9.0,1.0,53.0,52.0,17.0,13.0,59.0,18.0,144.0,23.0,21.0,27.0,9.0,58.0,7.0,95.0,180.0,5.0,4.0,2.0,79.0,28.0,6.0,493.0,12.0
2021-07-23,3.0,13.0,6.0,1.0,47.0,22.0,12.0,14.0,114.0,19.0,123.0,14.0,25.0,17.0,7.0,46.0,11.0,94.0,183.0,4.0,5.0,0.0,62.0,19.0,6.0,418.0,7.0
2021-07-24,0.0,13.0,9.0,2.0,28.0,3.0,10.0,10.0,18.0,18.0,175.0,21.0,16.0,5.0,8.0,51.0,9.0,83.0,142.0,4.0,6.0,1.0,67.0,45.0,3.0,327.0,7.0
2021-07-25,0.0,9.0,5.0,1.0,19.0,18.0,9.0,3.0,18.0,9.0,157.0,16.0,12.0,2.0,8.0,17.0,11.0,44.0,51.0,5.0,1.0,1.0,7.0,23.0,2.0,25.0,6.0
2021-07-26,1.0,13.0,10.0,5.0,36.0,0.0,10.0,15.0,67.0,7.0,37.0,17.0,41.0,6.0,7.0,13.0,7.0,194.0,40.0,13.0,-2.0,1.0,13.0,28.0,3.0,37.0,5.0
2021-07-27,0.0,13.0,9.0,1.0,54.0,20.0,11.0,19.0,17.0,13.0,32.0,23.0,18.0,19.0,7.0,36.0,6.0,193.0,160.0,4.0,9.0,10.0,88.0,49.0,5.0,467.0,7.0
2021-07-28,1.0,13.0,7.0,4.0,36.0,63.0,15.0,15.0,87.0,19.0,158.0,17.0,32.0,21.0,9.0,37.0,8.0,184.0,154.0,13.0,10.0,8.0,58.0,31.0,2.0,361.0,9.0
2021-07-29,0.0,13.0,7.0,3.0,44.0,23.0,6.0,17.0,102.0,12.0,166.0,14.0,25.0,23.0,10.0,34.0,4.0,194.0,207.0,4.0,10.0,5.0,41.0,30.0,4.0,335.0,9.0
2021-07-30,0.0,12.0,8.0,1.0,43.0,9.0,11.0,9.0,-6.0,15.0,121.0,14.0,20.0,14.0,6.0,32.0,2.0,83.0,137.0,2.0,3.0,1.0,43.0,28.0,1.0,266.0,10.0
2021-07-31,1.0,12.0,4.0,1.0,33.0,22.0,10.0,1.0,62.0,14.0,115.0,17.0,8.0,9.0,10.0,16.0,2.0,77.0,159.0,4.0,0.0,2.0,45.0,18.0,2.0,294.0,11.0
2021-08-01,1.0,12.0,4.0,0.0,9.0,0.0,10.0,3.0,11.0,5.0,150.0,7.0,22.0,1.0,7.0,24.0,7.0,25.0,29.0,3.0,0.0,1.0,13.0,17.0,5.0,43.0,6.0
2021-08-02,2.0,12.0,5.0,6.0,26.0,9.0,14.0,20.0,144.0,7.0,17.0,21.0,41.0,10.0,9.0,14.0,2.0,17.0,77.0,6.0,8.0,0.0,18.0,28.0,3.0,20.0,8.0
2021-08-03,0.0,12.0,9.0,1.0,43.0,38.0,17.0,14.0,110.0,16.0,11.0,20.0,34.0,33.0,8.0,35.0,4.0,142.0,112.0,59.0,8.0,2.0,50.0,44.0,4.0,405.0,4.0
2021-08-04,0.0,12.0,9.0,1.0,28.0,0.0,16.0,18.0,15.0,20.0,162.0,23.0,28.0,35.0,7.0,42.0,9.0,97.0,48.0,8.0,1.0,26.0,28.0,25.0,3.0,406.0,7.0
2021-08-05,0.0,11.0,8.0,1.0,25.0,87.0,12.0,15.0,144.0,17.0,137.0,14.0,26.0,15.0,5.0,42.0,6.0,72.0,124.0,4.0,6.0,0.0,53.0,25.0,4.0,265.0,8.0
2021-08-06,2.0,11.0,8.0,6.0,26.0,24.0,14.0,12.0,11.0,19.0,150.0,22.0,34.0,5.0,14.0,26.0,5.0,63.0,128.0,3.0,7.0,0.0,37.0,32.0,3.0,293.0,4.0
2021-08-07,0.0,7.0,7.0,2.0,47.0,15.0,13.0,5.0,54.0,15.0,128.0,12.0,17.0,9.0,12.0,38.0,2.0,125.0,172.0,3.0,1.0,3.0,34.0,21.0,4.0,249.0,4.0
2021-08-08,0.0,9.0,7.0,0.0,1.0,0.0,7.0,4.0,12.0,5.0,101.0,8.0,15.0,4.0,8.0,11.0,5.0,60.0,25.0,5.0,0.0,1.0,9.0,8.0,1.0,78.0,5.0
2021-08-09,0.0,10.0,7.0,2.0,28.0,35.0,18.0,13.0,54.0,12.0,26.0,8.0,38.0,10.0,8.0,12.0,4.0,94.0,6.0,4.0,8.0,11.0,12.0,26.0,1.0,54.0,7.0
2021-08-10,0.0,9.0,5.0,4.0,40.0,14.0,19.0,13.0,155.0,14.0,19.0,23.0,28.0,26.0,6.0,44.0,7.0,119.0,146.0,5.0,7.0,1.0,43.0,41.0,3.0,468.0,9.0
2021-08-11,1.0,9.0,9.0,1.0,23.0,34.0,12.0,13.0,73.0,17.0,140.0,12.0,31.0,19.0,5.0,29.0,0.0,18.0,130.0,2.0,10.0,3.0,38.0,20.0,1.0,387.0,8.0
2021-08-12,2.0,9.0,8.0,2.0,24.0,4.0,9.0,16.0,83.0,16.0,112.0,16.0,23.0,13.0,6.0,16.0,7.0,99.0,175.0,7.0,4.0,2.0,34.0,25.0,4.0,294.0,6.0
2021-08-13,0.0,9.0,9.0,1.0,27.0,8.0,11.0,31.0,13.0,15.0,130.0,19.0,23.0,8.0,4.0,18.0,7.0,150.0,108.0,3.0,0.0,9.0,21.0,21.0,0.0,241.0,6.0
2021-08-14,0.0,9.0,3.0,2.0,21.0,28.0,10.0,4.0,58.0,12.0,105.0,10.0,23.0,12.0,3.0,17.0,4.0,119.0,83.0,1.0,3.0,0.0,28.0,17.0,1.0,329.0,10.0
2021-08-15,0.0,8.0,3.0,0.0,10.0,7.0,16.0,4.0,11.0,8.0,110.0,12.0,19.0,14.0,4.0,8.0,2.0,52.0,15.0,7.0,1.0,1.0,4.0,6.0,1.0,60.0,6.0
2021-08-16,1.0,8.0,2.0,3.0,23.0,7.0,21.0,13.0,88.0,10.0,11.0,18.0,29.0,9.0,5.0,13.0,3.0,51.0,8.0,8.0,8.0,3.0,12.0,31.0,1.0,21.0,6.0
2021-08-17,0.0,8.0,9.0,2.0,27.0,30.0,10.0,10.0,60.0,15.0,32.0,13.0,27.0,23.0,10.0,15.0,4.0,60.0,116.0,3.0,7.0,3.0,39.0,40.0,2.0,526.0,4.0
2021-08-18,0.0,8.0,4.0,1.0,21.0,46.0,14.0,10.0,11.0,13.0,130.0,11.0,19.0,21.0,7.0,25.0,0.0,91.0,131.0,9.0,3.0,1.0,42.0,27.0,3.0,336.0,6.0
2021-08-19,0.0,8.0,2.0,1.0,27.0,16.0,15.0,10.0,115.0,20.0,116.0,13.0,21.0,16.0,8.0,11.0,3.0,82.0,188.0,1.0,0.0,1.0,38.0,21.0,4.0,281.0,5.0
2021-08-20,1.0,8.0,4.0,1.0,14.0,32.0,9.0,10.0,54.0,18.0,78.0,10.0,22.0,11.0,7.0,38.0,2.0,80.0,164.0,4.0,4.0,1.0,30.0,24.0,3.0,261.0,4.0
2021-08-21,0.0,8.0,2.0,1.0,20.0,2.0,11.0,2.0,9.0,6.0,85.0,13.0,16.0,4.0,5.0,25.0,4.0,62.0,114.0,1.0,0.0,1.0,28.0,17.0,3.0,172.0,0.0
2021-08-22,0.0,8.0,1.0,2.0,16.0,6.0,16.0,2.0,9.0,6.0,80.0,6.0,20.0,10.0,2.0,9.0,3.0,52.0,20.0,5.0,1.0,1.0,6.0,9.0,3.0,31.0,9.0
2021-08-23,2.0,8.0,4.0,1.0,11.0,0.0,20.0,14.0,86.0,7.0,17.0,14.0,29.0,25.0,8.0,10.0,5.0,57.0,15.0,2.0,7.0,0.0,13.0,27.0,3.0,27.0,5.0
2021-08-24,0.0,8.0,5.0,1.0,20.0,14.0,14.0,15.0,49.0,6.0,13.0,28.0,16.0,14.0,4.0,8.0,4.0,78.0,202.0,5.0,2.0,5.0,47.0,28.0,2.0,267.0,4.0
2021-08-25,2.0,6.0,8.0,0.0,25.0,4.0,18.0,17.0,46.0,11.0,105.0,15.0,23.0,18.0,5.0,15.0,1.0,80.0,147.0,1.0,6.0,2.0,45.0,23.0,3.0,257.0,4.0
2021-08-26,0.0,6.0,3.0,0.0,18.0,9.0,17.0,15.0,0.0,16.0,87.0,12.0,15.0,13.0,6.0,8.0,2.0,103.0,230.0,2.0,1.0,1.0,28.0,26.0,3.0,245.0,2.0
2021-08-27,0.0,6.0,2.0,1.0,29.0,27.0,10.0,16.0,79.0,15.0,71.0,1.0,14.0,8.0,5.0,8.0,2.0,52.0,109.0,1.0,2.0,3.0,29.0,21.0,3.0,304.0,3.0
2021-08-28,0.0,6.0,3.0,0.0,37.0,0.0,14.0,7.0,6.0,16.0,101.0,10.0,11.0,1.0,6.0,14.0,2.0,32.0,130.0,2.0,0.0,0.0,29.0,12.0,3.0,183.0,3.0
2021-08-29,1.0,6.0,2.0,1.0,27.0,0.0,17.0,7.0,4.0,9.0,73.0,8.0,2.0,1.0,5.0,5.0,2.0,46.0,21.0,4.0,0.0,1.0,3.0,6.0,2.0,23.0,3.0
2021-08-30,0.0,6.0,3.0,0.0,23.0,0.0,17.0,20.0,36.0,14.0,9.0,16.0,24.0,8.0,6.0,6.0,0.0,40.0,6.0,2.0,3.0,2.0,14.0,20.0,3.0,36.0,4.0
2021-08-31,0.0,6.0,5.0,2.0,21.0,10.0,13.0,11.0,94.0,15.0,19.0,12.0,14.0,8.0,4.0,13.0,1.0,49.0,209.0,2.0,2.0,6.0,40.0,37.0,3.0,278.0,6.0
2021-09-01,0.0,6.0,0.0,0.0,10.0,2.0,8.0,15.0,38.0,9.0,96.0,10.0,20.0,18.0,4.0,28.0,4.0,55.0,138.0,1.0,0.0,1.0,28.0,21.0,3.0,179.0,4.0
2021-09-02,0.0,6.0,2.0,1.0,13.0,14.0,22.0,15.0,56.0,11.0,85.0,11.0,14.0,14.0,9.0,14.0,1.0,59.0,179.0,8.0,3.0,4.0,41.0,30.0,3.0,164.0,3.0
2021-09-03,0.0,6.0,1.0,5.0,25.0,5.0,20.0,8.0,46.0,9.0,77.0,8.0,13.0,10.0,4.0,20.0,2.0,1.0,204.0,2.0,1.0,3.0,28.0,20.0,2.0,169.0,2.0
2021-09-04,0.0,6.0,3.0,0.0,30.0,19.0,12.0,5.0,12.0,6.0,79.0,7.0,9.0,1.0,5.0,6.0,3.0,106.0,164.0,1.0,1.0,0.0,17.0,14.0,1.0,178.0,2.0
2021-09-05,0.0,5.0,1.0,0.0,7.0,0.0,12.0,6.0,12.0,4.0,0.0,11.0,13.0,2.0,4.0,11.0,3.0,44.0,92.0,1.0,3.0,1.0,10.0,4.0,0.0,23.0,2.0
2021-09-06,0.0,5.0,2.0,0.0,5.0,0.0,16.0,11.0,40.0,1.0,0.0,5.0,11.0,6.0,5.0,7.0,4.0,36.0,9.0,4.0,2.0,0.0,10.0,21.0,0.0,18.0,2.0
2021-09-07,1.0,5.0,1.0,0.0,6.0,20.0,12.0,5.0,11.0,2.0,63.0,5.0,10.0,5.0,3.0,7.0,1.0,29.0,69.0,4.0,2.0,1.0,17.0,18.0,0.0,28.0,2.0
2021-09-08,0.0,5.0,1.0,1.0,14.0,10.0,10.0,15.0,0.0,3.0,21.0,8.0,18.0,4.0,4.0,9.0,1.0,28.0,42.0,2.0,4.0,0.0,12.0,22.0,0.0,15.0,0.0
2021-09-09,0.0,5.0,3.0,0.0,20.0,20.0,12.0,8.0,158.0,8.0,17.0,8.0,14.0,2.0,6.0,12.0,1.0,46.0,191.0,3.0,0.0,5.0,38.0,26.0,1.0,218.0,2.0
2021-09-10,1.0,5.0,0.0,0.0,10.0,2.0,13.0,9.0,44.0,6.0,101.0,4.0,20.0,3.0,1.0,14.0,3.0,50.0,96.0,1.0,1.0,4.0,25.0,28.0,1.0,192.0,2.0
2021-09-11,0.0,5.0,3.0,0.0,0.0,9.0,10.0,1.0,1.0,5.0,86.0,4.0,14.0,5.0,2.0,18.0,2.0,73.0,205.0,0.0,7.0,1.0,13.0,18.0,0.0,178.0,3.0
2021-09-12,0.0,5.0,1.0,0.0,10.0,1.0,11.0,3.0,5.0,6.0,70.0,5.0,4.0,3.0,7.0,10.0,4.0,52.0,34.0,6.0,1.0,0.0,15.0,11.0,0.0,38.0,3.0
2021-09-13,0.0,5.0,0.0,2.0,13.0,5.0,10.0,15.0,50.0,5.0,17.0,9.0,18.0,10.0,6.0,13.0,5.0,37.0,0.0,7.0,3.0,3.0,9.0,17.0,0.0,22.0,3.0
2021-09-14,0.0,5.0,2.0,1.0,27.0,12.0,8.0,18.0,15.0,4.0,34.0,7.0,6.0,4.0,4.0,8.0,0.0,47.0,197.0,0.0,2.0,9.0,48.0,29.0,0.0,186.0,5.0
2021-09-15,0.0,5.0,2.0,6.0,12.0,-6.0,15.0,9.0,32.0,10.0,113.0,6.0,13.0,19.0,3.0,14.0,3.0,53.0,218.0,4.0,4.0,2.0,28.0,28.0,0.0,197.0,4.0
2021-09-16,0.0,5.0,0.0,0.0,23.0,1.0,15.0,8.0,69.0,8.0,54.0,2.0,14.0,7.0,6.0,12.0,1.0,52.0,177.0,2.0,1.0,0.0,16.0,23.0,0.0,170.0,4.0
2021-09-17,1.0,5.0,1.0,0.0,30.0,9.0,7.0,15.0,-1.0,4.0,72.0,5.0,13.0,4.0,5.0,9.0,1.0,65.0,205.0,5.0,-2.0,5.0,21.0,22.0,1.0,133.0,3.0
2021-09-18,0.0,4.0,2.0,0.0,10.0,9.0,6.0,7.0,53.0,3.0,52.0,0.0,7.0,7.0,4.0,10.0,2.0,74.0,166.0,0.0,0.0,0.0,20.0,12.0,0.0,135.0,3.0
2021-09-19,0.0,4.0,1.0,0.0,3.0,0.0,11.0,4.0,3.0,0.0,57.0,9.0,6.0,1.0,3.0,7.0,0.0,49.0,52.0,2.0,0.0,0.0,2.0,8.0,1.0,20.0,5.0
2021-09-20,0.0,4.0,1.0,1.0,16.0,0.0,14.0,18.0,59.0,1.0,5.0,1.0,12.0,14.0,6.0,8.0,1.0,35.0,23.0,2.0,1.0,0.0,10.0,23.0,0.0,5.0,4.0
2021-09-21,18.0,4.0,2.0,2.0,0.0,1.0,13.0,16.0,61.0,4.0,10.0,8.0,6.0,17.0,1.0,19.0,1.0,65.0,185.0,3.0,0.0,1.0,10.0,21.0,0.0,191.0,5.0
2021-09-22,0.0,4.0,1.0,3.0,17.0,5.0,12.0,10.0,33.0,5.0,67.0,5.0,14.0,7.0,6.0,8.0,3.0,68.0,124.0,3.0,3.0,0.0,44.0,27.0,1.0,200.0,5.0
2021-09-23,1.0,4.0,1.0,0.0,10.0,12.0,19.0,14.0,1.0,2.0,50.0,9.0,11.0,6.0,3.0,12.0,3.0,61.0,155.0,1.0,0.0,2.0,39.0,14.0,1.0,193.0,5.0
2021-09-24,0.0,4.0,1.0,1.0,31.0,0.0,22.0,13.0,49.0,5.0,53.0,3.0,5.0,5.0,3.0,14.0,2.0,84.0,116.0,2.0,4.0,2.0,28.0,11.0,1.0,215.0,6.0
2021-09-25,0.0,4.0,0.0,1.0,4.0,0.0,18.0,2.0,17.0,4.0,72.0,0.0,3.0,5.0,2.0,10.0,5.0,68.0,115.0,0.0,1.0,0.0,13.0,15.0,0.0,175.0,6.0
2021-09-26,0.0,4.0,0.0,0.0,3.0,22.0,13.0,4.0,5.0,3.0,35.0,12.0,4.0,3.0,2.0,10.0,2.0,50.0,40.0,1.0,0.0,1.0,5.0,13.0,0.0,31.0,3.0
2021-09-27,0.0,4.0,1.0,0.0,6.0,10.0,20.0,19.0,1.0,3.0,1.0,3.0,13.0,7.0,4.0,7.0,2.0,42.0,8.0,1.0,0.0,0.0,6.0,15.0,0.0,18.0,3.0
2021-09-28,1.0,4.0,2.0,0.0,3.0,3.0,20.0,13.0,92.0,2.0,52.0,4.0,11.0,3.0,6.0,12.0,1.0,55.0,195.0,1.0,4.0,5.0,43.0,28.0,0.0,253.0,4.0
2021-09-29,0.0,4.0,1.0,1.0,6.0,0.0,19.0,11.0,36.0,5.0,41.0,4.0,7.0,5.0,4.0,12.0,4.0,57.0,159.0,1.0,1.0,3.0,32.0,23.0,1.0,241.0,3.0
2021-09-30,1.0,4.0,0.0,3.0,8.0,11.0,10.0,8.0,21.0,5.0,81.0,9.0,6.0,2.0,3.0,16.0,1.0,55.0,119.0,3.0,4.0,0.0,33.0,11.0,1.0,189.0,4.0
2021-10-01,0.0,4.0,1.0,3.0,7.0,12.0,16.0,9.0,19.0,3.0,66.0,7.0,5.0,4.0,1.0,7.0,4.0,13.0,127.0,0.0,0.0,0.0,21.0,15.0,0.0,143.0,3.0
2021-10-02,0.0,3.0,1.0,0.0,4.0,7.0,8.0,6.0,0.0,2.0,51.0,6.0,4.0,1.0,2.0,7.0,0.0,52.0,161.0,1.0,0.0,1.0,24.0,15.0,1.0,97.0,0.0
2021-10-03,0.0,3.0,2.0,0.0,3.0,6.0,7.0,2.0,33.0,3.0,55.0,-2.0,3.0,2.0,5.0,10.0,1.0,47.0,15.0,0.0,0.0,0.0,6.0,7.0,0.0,14.0,4.0
2021-10-04,0.0,3.0,1.0,0.0,8.0,0.0,15.0,17.0,3.0,2.0,3.0,3.0,6.0,2.0,1.0,16.0,1.0,48.0,28.0,2.0,0.0,1.0,8.0,11.0,1.0,22.0,2.0
2021-10-05,1.0,3.0,1.0,2.0,5.0,9.0,17.0,19.0,68.0,3.0,75.0,2.0,6.0,6.0,5.0,13.0,1.0,60.0,183.0,3.0,0.0,0.0,34.0,22.0,1.0,143.0,2.0
2021-10-06,0.0,3.0,6.0,0.0,10.0,15.0,10.0,14.0,66.0,2.0,43.0,4.0,4.0,6.0,4.0,12.0,6.0,51.0,93.0,1.0,7.0,2.0,23.0,14.0,0.0,172.0,2.0
2021-10-07,0.0,0.0,5.0,0.0,5.0,11.0,32.0,13.0,11.0,3.0,33.0,4.0,5.0,5.0,3.0,12.0,3.0,55.0,44.0,3.0,5.0,0.0,20.0,14.0,1.0,139.0,2.0
2021-10-08,0.0,3.0,4.0,0.0,8.0,15.0,16.0,14.0,34.0,2.0,71.0,4.0,9.0,2.0,4.0,12.0,5.0,49.0,244.0,0.0,3.0,1.0,21.0,13.0,1.0,90.0,3.0
2021-10-09,1.0,3.0,1.0,0.0,7.0,13.0,9.0,8.0,6.0,1.0,40.0,0.0,1.0,2.0,5.0,10.0,4.0,39.0,141.0,0.0,-1.0,0.0,19.0,10.0,1.0,98.0,0.0
2021-10-10,0.0,3.0,1.0,0.0,3.0,0.0,10.0,4.0,13.0,2.0,12.0,8.0,2.0,1.0,5.0,6.0,1.0,30.0,5.0,0.0,0.0,0.0,9.0,3.0,1.0,28.0,4.0
2021-10-11,0.0,3.0,1.0,0.0,6.0,1.0,17.0,10.0,41.0,4.0,10.0,1.0,4.0,1.0,5.0,5.0,4.0,22.0,13.0,4.0,1.0,0.0,4.0,12.0,1.0,33.0,4.0
2021-10-12,0.0,3.0,2.0,0.0,8.0,7.0,12.0,7.0,10.0,4.0,6.0,1.0,4.0,1.0,2.0,5.0,1.0,21.0,16.0,3.0,2.0,0.0,12.0,6.0,1.0,37.0,3.0
2021-10-13,1.0,3.0,1.0,0.0,7.0,0.0,15.0,26.0,31.0,1.0,24.0,8.0,10.0,5.0,5.0,2.0,7.0,20.0,3.0,1.0,0.0,0.0,9.0,13.0,1.0,9.0,5.0
2021-10-14,0.0,3.0,0.0,0.0,10.0,18.0,16.0,13.0,63.0,2.0,28.0,9.0,6.0,4.0,3.0,9.0,8.0,51.0,135.0,3.0,1.0,10.0,48.0,26.0,0.0,103.0,3.0
2021-10-15,1.0,0.0,4.0,1.0,7.0,14.0,17.0,18.0,26.0,2.0,42.0,4.0,1.0,4.0,3.0,11.0,6.0,93.0,115.0,2.0,3.0,0.0,33.0,18.0,0.0,79.0,3.0
2021-10-16,0.0,3.0,2.0,1.0,10.0,29.0,11.0,8.0,6.0,1.0,74.0,0.0,6.0,3.0,3.0,8.0,3.0,46.0,118.0,1.0,1.0,2.0,25.0,14.0,0.0,90.0,0.0
2021-10-17,0.0,3.0,0.0,0.0,1.0,0.0,11.0,8.0,0.0,1.0,29.0,2.0,3.0,1.0,4.0,5.0,1.0,17.0,9.0,0.0,0.0,0.0,7.0,3.0,1.0,19.0,3.0
2021-10-18,0.0,3.0,0.0,1.0,8.0,0.0,17.0,20.0,23.0,3.0,9.0,1.0,8.0,1.0,0.0,3.0,2.0,67.0,0.0,4.0,1.0,1.0,13.0,8.0,1.0,3.0,5.0
2021-10-19,0.0,3.0,1.0,0.0,10.0,6.0,12.0,14.0,19.0,2.0,11.0,0.0,6.0,2.0,4.0,15.0,3.0,64.0,68.0,0.0,6.0,0.0,28.0,15.0,1.0,81.0,7.0
2021-10-20,0.0,3.0,4.0,0.0,6.0,9.0,13.0,8.0,32.0,2.0,52.0,0.0,2.0,8.0,5.0,6.0,2.0,61.0,45.0,1.0,1.0,3.0,28.0,16.0,1.0,87.0,5.0
2021-10-21,0.0,3.0,1.0,0.0,9.0,34.0,11.0,13.0,23.0,1.0,66.0,2.0,3.0,3.0,5.0,9.0,3.0,61.0,77.0,3.0,1.0,1.0,26.0,18.0,0.0,89.0,4.0
2021-10-22,1.0,3.0,0.0,1.0,9.0,11.0,10.0,14.0,26.0,2.0,20.0,1.0,2.0,6.0,1.0,12.0,2.0,64.0,131.0,3.0,1.0,2.0,28.0,6.0,1.0,85.0,5.0
2021-10-23,1.0,2.0,1.0,0.0,7.0,19.0,20.0,3.0,2.0,1.0,16.0,0.0,3.0,1.0,5.0,5.0,2.0,59.0,92.0,2.0,0.0,4.0,20.0,15.0,1.0,69.0,0.0
2021-10-24,0.0,2.0,0.0,0.0,2.0,8.0,5.0,1.0,0.0,1.0,18.0,3.0,1.0,1.0,4.0,4.0,2.0,52.0,0.0,2.0,0.0,0.0,2.0,2.0,1.0,4.0,4.0
2021-10-25,0.0,2.0,1.0,1.0,14.0,0.0,21.0,15.0,47.0,1.0,0.0,5.0,5.0,2.0,3.0,4.0,3.0,53.0,7.0,2.0,1.0,0.0,6.0,10.0,0.0,1.0,3.0
2021-10-26,1.0,2.0,1.0,0.0,9.0,13.0,19.0,14.0,12.0,2.0,1.0,1.0,7.0,1.0,1.0,11.0,1.0,66.0,104.0,7.0,2.0,0.0,30.0,16.0,0.0,78.0,4.0
2021-10-27,0.0,2.0,2.0,0.0,6.0,14.0,10.0,18.0,10.0,3.0,99.0,4.0,1.0,3.0,4.0,11.0,7.0,46.0,95.0,2.0,0.0,0.0,25.0,12.0,0.0,59.0,2.0
2021-10-28,0.0,2.0,2.0,0.0,13.0,0.0,9.0,14.0,25.0,3.0,24.0,0.0,1.0,2.0,3.0,20.0,1.0,57.0,26.0,1.0,2.0,0.0,34.0,16.0,0.0,116.0,2.0
2021-10-29,0.0,2.0,0.0,0.0,9.0,4.0,7.0,16.0,31.0,2.0,17.0,4.0,4.0,3.0,5.0,11.0,2.0,26.0,92.0,5.0,2.0,0.0,33.0,14.0,1.0,116.0,2.0
2021-10-30,0.0,2.0,1.0,0.0,6.0,1.0,9.0,11.0,3.0,1.0,10.0,0.0,1.0,2.0,7.0,6.0,1.0,17.0,26.0,1.0,2.0,0.0,31.0,16.0,1.0,61.0,0.0
2021-10-31,0.0,2.0,0.0,0.0,1.0,0.0,11.0,4.0,0.0,1.0,30.0,0.0,1.0,1.0,4.0,11.0,2.0,6.0,10.0,2.0,0.0,0.0,9.0,7.0,1.0,27.0,2.0
2021-11-01,0.0,2.0,1.0,2.0,3.0,0.0,9.0,3.0,6.0,1.0,6.0,0.0,3.0,1.0,1.0,7.0,2.0,8.0,13.0,1.0,0.0,1.0,4.0,10.0,1.0,17.0,2.0
2021-11-02,0.0,2.0,1.0,0.0,4.0,1.0,8.0,9.0,5.0,1.0,4.0,0.0,2.0,1.0,3.0,4.0,5.0,6.0,13.0,1.0,0.0,0.0,12.0,7.0,0.0,62.0,1.0
2021-11-03,0.0,2.0,0.0,0.0,7.0,1.0,8.0,16.0,30.0,1.0,21.0,1.0,6.0,2.0,4.0,4.0,0.0,19.0,8.0,2.0,4.0,5.0,13.0,17.0,0.0,17.0,2.0
2021-11-04,0.0,2.0,2.0,0.0,10.0,1.0,4.0,13.0,57.0,2.0,57.0,2.0,1.0,3.0,5.0,15.0,2.0,42.0,18.0,5.0,0.0,0.0,45.0,21.0,1.0,124.0,2.0
2021-11-05,0.0,2.0,1.0,0.0,14.0,0.0,5.0,14.0,18.0,1.0,58.0,4.0,5.0,4.0,5.0,7.0,1.0,15.0,52.0,4.0,3.0,0.0,42.0,10.0,1.0,115.0,1.0
2021-11-06,0.0,2.0,1.0,0.0,2.0,3.0,0.0,5.0,-1.0,1.0,18.0,0.0,0.0,3.0,3.0,12.0,3.0,12.0,33.0,3.0,0.0,1.0,16.0,6.0,0.0,179.0,0.0
2021-11-07,0.0,2.0,0.0,0.0,2.0,0.0,0.0,4.0,0.0,1.0,13.0,1.0,0.0,2.0,5.0,4.0,0.0,5.0,11.0,2.0,0.0,0.0,4.0,1.0,0.0,11.0,2.0
2021-11-08,0.0,2.0,2.0,0.0,8.0,2.0,9.0,12.0,0.0,1.0,0.0,4.0,6.0,3.0,5.0,5.0,4.0,22.0,15.0,3.0,0.0,0.0,12.0,1.0,0.0,0.0,2.0
2021-11-09,0.0,2.0,2.0,0.0,9.0,17.0,8.0,14.0,2.0,2.0,21.0,1.0,3.0,5.0,2.0,9.0,6.0,23.0,33.0,2.0,2.0,0.0,44.0,0.0,0.0,2.0,2.0
2021-11-10,0.0,2.0,1.0,0.0,14.0,5.0,10.0,14.0,0.0,2.0,40.0,0.0,1.0,10.0,3.0,10.0,0.0,13.0,54.0,7.0,4.0,1.0,38.0,27.0,0.0,9.0,3.0
2021-11-11,0.0,2.0,0.0,1.0,5.0,1.0,9.0,10.0,62.0,2.0,29.0,4.0,1.0,8.0,3.0,7.0,3.0,14.0,28.0,2.0,1.0,1.0,30.0,14.0,1.0,1.0,1.0
2021-11-12,0.0,2.0,0.0,1.0,6.0,10.0,10.0,10.0,2.0,2.0,36.0,0.0,3.0,10.0,1.0,5.0,4.0,13.0,30.0,5.0,1.0,0.0,26.0,30.0,0.0,414.0,1.0
2021-11-13,0.0,2.0,1.0,0.0,10.0,11.0,0.0,4.0,14.0,1.0,32.0,0.0,2.0,2.0,1.0,8.0,6.0,5.0,54.0,1.0,1.0,0.0,26.0,19.0,1.0,105.0,0.0
2021-11-14,0.0,2.0,0.0,0.0,3.0,0.0,0.0,3.0,0.0,1.0,23.0,1.0,2.0,3.0,3.0,3.0,4.0,0.0,7.0,2.0,1.0,0.0,2.0,4.0,0.0,1.0,1.0
2021-11-15,0.0,2.0,2.0,0.0,3.0,5.0,0.0,5.0,0.0,1.0,1.0,1.0,2.0,2.0,3.0,6.0,6.0,2.0,6.0,6.0,1.0,0.0,4.0,3.0,0.0,7.0,1.0
2021-11-16,0.0,2.0,0.0,0.0,4.0,0.0,12.0,10.0,16.0,1.0,1.0,2.0,6.0,14.0,4.0,6.0,5.0,7.0,21.0,6.0,6.0,0.0,8.0,9.0,1.0,1.0,2.0
2021-11-17,0.0,2.0,3.0,0.0,6.0,13.0,12.0,16.0,13.0,1.0,10.0,2.0,3.0,17.0,5.0,5.0,2.0,21.0,21.0,5.0,0.0,0.0,50.0,21.0,1.0,147.0,1.0
2021-11-18,0.0,2.0,2.0,0.0,18.0,7.0,7.0,4.0,-1.0,2.0,45.0,0.0,1.0,3.0,4.0,9.0,4.0,5.0,19.0,5.0,5.0,0.0,26.0,16.0,1.0,85.0,3.0
2021-11-19,0.0,2.0,2.0,1.0,16.0,8.0,6.0,8.0,0.0,2.0,15.0,5.0,3.0,9.0,6.0,11.0,3.0,6.0,24.0,5.0,2.0,1.0,26.0,12.0,1.0,62.0,2.0
2021-11-20,0.0,2.0,0.0,0.0,6.0,6.0,0.0,4.0,0.0,1.0,11.0,1.0,1.0,4.0,3.0,11.0,2.0,2.0,15.0,2.0,3.0,3.0,16.0,14.0,1.0,99.0,0.0
2021-11-21,0.0,2.0,0.0,0.0,3.0,0.0,0.0,3.0,23.0,1.0,19.0,-1.0,1.0,2.0,2.0,9.0,2.0,1.0,5.0,3.0,1.0,0.0,3.0,3.0,0.0,12.0,2.0
2021-11-22,0.0,2.0,3.0,1.0,11.0,12.0,5.0,11.0,12.0,2.0,1.0,3.0,0.0,6.0,4.0,7.0,1.0,2.0,4.0,5.0,11.0,0.0,4.0,12.0,0.0,5.0,2.0
2021-11-23,0.0,2.0,2.0,0.0,10.0,6.0,5.0,12.0,11.0,2.0,5.0,1.0,6.0,4.0,5.0,16.0,2.0,2.0,43.0,4.0,6.0,3.0,36.0,17.0,0.0,94.0,1.0
2021-11-24,0.0,2.0,2.0,2.0,7.0,9.0,9.0,12.0,13.0,2.0,36.0,0.0,2.0,11.0,3.0,5.0,7.0,5.0,35.0,1.0,5.0,5.0,24.0,5.0,0.0,68.0,1.0
2021-11-25,1.0,2.0,0.0,3.0,12.0,9.0,7.0,9.0,15.0,2.0,20.0,-1.0,3.0,4.0,6.0,9.0,3.0,4.0,16.0,3.0,1.0,0.0,27.0,15.0,1.0,116.0,1.0
2021-11-26,0.0,2.0,2.0,0.0,7.0,0.0,6.0,0.0,10.0,4.0,25.0,5.0,3.0,5.0,5.0,5.0,3.0,3.0,63.0,2.0,0.0,0.0,20.0,9.0,1.0,124.0,1.0
2021-11-27,0.0,2.0,1.0,0.0,5.0,0.0,0.0,13.0,0.0,4.0,14.0,0.0,1.0,2.0,4.0,9.0,4.0,5.0,13.0,2.0,5.0,0.0,21.0,7.0,1.0,114.0,0.0
2021-11-28,0.0,2.0,0.0,0.0,2.0,0.0,0.0,3.0,0.0,4.0,20.0,-1.0,0.0,2.0,6.0,6.0,0.0,1.0,13.0,4.0,3.0,0.0,2.0,3.0,0.0,9.0,1.0
2021-11-29,0.0,2.0,0.0,1.0,13.0,0.0,9.0,10.0,11.0,4.0,1.0,4.0,2.0,12.0,2.0,3.0,3.0,13.0,3.0,4.0,3.0,0.0,6.0,7.0,0.0,4.0,1.0
2021-11-30,2.0,2.0,2.0,0.0,12.0,35.0,0.0,10.0,26.0,5.0,34.0,2.0,2.0,12.0,1.0,8.0,6.0,13.0,34.0,3.0,1.0,1.0,34.0,9.0,0.0,71.0,1.0
2021-12-01,1.0,2.0,2.0,1.0,11.0,5.0,3.0,12.0,9.0,3.0,36.0,1.0,0.0,16.0,3.0,10.0,5.0,2.0,21.0,2.0,0.0,3.0,28.0,8.0,1.0,82.0,1.0
2021-12-02,0.0,2.0,1.0,0.0,9.0,3.0,2.0,6.0,9.0,3.0,32.0,-1.0,1.0,4.0,3.0,3.0,1.0,3.0,20.0,2.0,6.0,1.0,20.0,10.0,1.0,54.0,1.0
2021-12-03,-1.0,2.0,2.0,0.0,7.0,0.0,3.0,6.0,21.0,4.0,35.0,3.0,0.0,7.0,3.0,7.0,2.0,1.0,22.0,0.0,4.0,1.0,18.0,18.0,1.0,66.0,1.0
2021-12-04,1.0,0.0,1.0,0.0,5.0,6.0,0.0,4.0,0.0,5.0,8.0,0.0,1.0,2.0,3.0,6.0,2.0,3.0,8.0,0.0,2.0,0.0,15.0,5.0,1.0,69.0,0.0
2021-12-05,0.0,1.0,1.0,0.0,2.0,1.0,0.0,0.0,2.0,6.0,12.0,-1.0,0.0,1.0,1.0,6.0,4.0,2.0,8.0,3.0,0.0,0.0,5.0,2.0,0.0,14.0,1.0
2021-12-06,0.0,0.0,1.0,1.0,8.0,13.0,3.0,11.0,3.0,5.0,1.0,9.0,1.0,13.0,3.0,9.0,6.0,4.0,13.0,3.0,6.0,0.0,6.0,4.0,0.0,7.0,2.0
2021-12-07,0.0,2.0,0.0,0.0,8.0,4.0,1.0,9.0,9.0,4.0,25.0,1.0,2.0,7.0,3.0,4.0,4.0,2.0,28.0,0.0,0.0,3.0,19.0,13.0,1.0,111.0,1.0
2021-12-08,0.0,2.0,1.0,0.0,6.0,12.0,2.0,0.0,7.0,4.0,24.0,7.0,3.0,3.0,4.0,6.0,2.0,2.0,19.0,5.0,10.0,2.0,15.0,12.0,0.0,91.0,1.0
2021-12-09,0.0,2.0,0.0,0.0,0.0,6.0,3.0,5.0,3.0,5.0,15.0,0.0,4.0,5.0,3.0,7.0,5.0,2.0,24.0,4.0,3.0,2.0,19.0,9.0,1.0,67.0,0.0
2021-12-10,0.0,2.0,0.0,2.0,19.0,8.0,6.0,5.0,0.0,2.0,57.0,0.0,2.0,3.0,1.0,9.0,5.0,9.0,31.0,5.0,0.0,0.0,11.0,3.0,1.0,53.0,0.0
2021-12-11,0.0,2.0,0.0,0.0,2.0,3.0,0.0,2.0,0.0,2.0,3.0,0.0,4.0,8.0,3.0,10.0,1.0,1.0,4.0,0.0,0.0,0.0,0.0,7.0,1.0,0.0,0.0
2021-12-12,0.0,1.0,0.0,0.0,4.0,1.0,0.0,0.0,0.0,0.0,33.0,0.0,0.0,5.0,0.0,2.0,0.0,1.0,31.0,1.0,0.0,0.0,0.0,3.0,0.0,0.0,0.0
2021-12-13,0.0,2.0,0.0,0.0,9.0,0.0,5.0,7.0,0.0,1.0,0.0,0.0,4.0,1.0,0.0,5.0,2.0,3.0,0.0,3.0,0.0,0.0,0.0,2.0,1.0,0.0,0.0
2021-12-14,0.0,0.0,4.0,1.0,11.0,10.0,6.0,6.0,0.0,1.0,7.0,0.0,0.0,13.0,4.0,9.0,3.0,2.0,0.0,3.0,0.0,1.0,24.0,7.0,1.0,0.0,0.0
2021-12-15,1.0,0.0,1.0,0.0,7.0,7.0,5.0,3.0,0.0,4.0,6.0,0.0,0.0,16.0,2.0,8.0,1.0,13.0,13.0,3.0,17.0,4.0,23.0,6.0,1.0,0.0,0.0
2021-12-16,0.0,2.0,3.0,0.0,4.0,4.0,3.0,2.0,0.0,2.0,24.0,0.0,2.0,12.0,0.0,6.0,2.0,4.0,5.0,7.0,4.0,2.0,17.0,9.0,0.0,0.0,0.0
2021-12-17,0.0,2.0,0.0,0.0,7.0,0.0,7.0,13.0,0.0,3.0,19.0,0.0,5.0,6.0,0.0,10.0,6.0,1.0,0.0,2.0,2.0,0.0,12.0,10.0,0.0,259.0,0.0
2021-12-18,0.0,1.0,0.0,0.0,2.0,7.0,0.0,1.0,0.0,2.0,17.0,0.0,0.0,1.0,7.0,5.0,0.0,2.0,30.0,0.0,2.0,0.0,5.0,4.0,1.0,51.0,0.0
2021-12-19,0.0,0.0,0.0,0.0,2.0,0.0,0.0,1.0,0.0,2.0,15.0,0.0,0.0,1.0,0.0,4.0,4.0,0.0,7.0,3.0,1.0,0.0,4.0,5.0,0.0,0.0,0.0
2021-12-20,0.0,2.0,0.0,1.0,6.0,10.0,3.0,11.0,0.0,3.0,1.0,0.0,3.0,7.0,2.0,4.0,4.0,2.0,2.0,0.0,7.0,0.0,2.0,2.0,1.0,0.0,0.0
